No.,Category,Brand,Product Name,Description,Price 1 Date,Discount,Price 2 Date,Price 1 (HKD),Price 2 (HKD),Image,Detail Image
oy002,COSMETICS,2AN,Heart Wearing Liquid Cheek,,6-Jun,1000,30-Jun,145,175,https://img.ssgdfs.com/upload/C00001/goos/org/921/260122001025921.jpg?SF=webp&AR=0,"details/C00301.jpg,details/C00302.jpg,details/C00303.jpg,details/C00304.jpg,details/C00305.jpg,details/C00306.jpg,details/C00307.jpg,details/C00308.jpg,details/C00309.jpg,details/C00310.jpg,details/C00311.jpg,details/C00312.jpg,details/C00313.jpg,details/C00314.jpg,details/C00315.jpg,details/C00316.jpg,details/C00317.jpg,details/C00318.jpg,details/C00319.jpg,details/C00320.jpg,details/C00321.jpg,details/C00322.jpg,details/C00323.jpg,details/C00324.jpg,details/C00325.jpg,details/C00326.jpg,details/C00327.jpg,details/C00328.jpg,details/C00329.jpg,details/C00330.jpg,details/C00331.jpg,details/C00332.jpg,details/C00333.jpg,details/C00334.jpg,details/C00335.jpg,details/C00336.jpg,details/C00337.jpg,details/C00338.jpg,details/C00339.jpg,details/C00340.jpg,details/C00341.jpg,details/C00342.jpg,details/C00343.jpg,details/C00344.jpg,details/C00345.jpg,details/C00346.jpg,details/C00347.jpg,details/C00348.jpg,details/C00349.jpg,details/C00350.jpg"
oy003,COSMETICS,2AN,Pure Glassy Highlighter,,6-Jun,970,30-Jun,145,175,https://img.ssgdfs.com/upload/C00001/goos/org/885/240626000563885.jpg?SF=webp&AR=0,"details/C00401.jpg,details/C00402.jpg,details/C00403.jpg,details/C00404.jpg,details/C00405.jpg,details/C00406.jpg,details/C00407.jpg,details/C00408.jpg,details/C00409.jpg,details/C00410.jpg,details/C00411.jpg,details/C00412.jpg,details/C00413.jpg,details/C00414.jpg,details/C00415.jpg,details/C00416.jpg,details/C00417.jpg,details/C00418.jpg,details/C00419.jpg,details/C00420.jpg,details/C00421.jpg,details/C00422.jpg,details/C00423.jpg,details/C00424.jpg,details/C00425.jpg,details/C00426.jpg,details/C00427.jpg,details/C00428.jpg,details/C00429.jpg,details/C00430.jpg,details/C00431.jpg,details/C00432.jpg,details/C00433.jpg,details/C00434.jpg,details/C00435.jpg,details/C00436.jpg,details/C00437.jpg,details/C00438.jpg,details/C00439.jpg,details/C00440.jpg,details/C00441.jpg,details/C00442.jpg,details/C00443.jpg,details/C00444.jpg,details/C00445.jpg,details/C00446.jpg,details/C00447.jpg,details/C00448.jpg,details/C00449.jpg,details/C00450.jpg"
oy004,COSMETICS,2AN,Dual Cheek,,6-Jun,2200,30-Jun,155,185,https://img.ssgdfs.com/upload/C00001/goos/org/216/231020000363216.jpg?SF=webp&AR=0,"details/C00501.jpg,details/C00502.jpg,details/C00503.jpg,details/C00504.jpg,details/C00505.jpg,details/C00506.jpg,details/C00507.jpg,details/C00508.jpg,details/C00509.jpg,details/C00510.jpg,details/C00511.jpg,details/C00512.jpg,details/C00513.jpg,details/C00514.jpg,details/C00515.jpg,details/C00516.jpg,details/C00517.jpg,details/C00518.jpg,details/C00519.jpg,details/C00520.jpg,details/C00521.jpg,details/C00522.jpg,details/C00523.jpg,details/C00524.jpg,details/C00525.jpg,details/C00526.jpg,details/C00527.jpg,details/C00528.jpg,details/C00529.jpg,details/C00530.jpg,details/C00531.jpg,details/C00532.jpg,details/C00533.jpg,details/C00534.jpg,details/C00535.jpg,details/C00536.jpg,details/C00537.jpg,details/C00538.jpg,details/C00539.jpg,details/C00540.jpg,details/C00541.jpg,details/C00542.jpg,details/C00543.jpg,details/C00544.jpg,details/C00545.jpg,details/C00546.jpg,details/C00547.jpg,details/C00548.jpg,details/C00549.jpg,details/C00550.jpg"
oy005,COSMETICS,2AN,Dewy Fit Tint,,6-Jun,1030,30-Jun,135,148,https://img.ssgdfs.com/upload/C00001/goos/org/845/260313001081845.jpg?SF=webp&AR=0,"details/C00601.jpg,details/C00602.jpg,details/C00603.jpg,details/C00604.jpg,details/C00605.jpg,details/C00606.jpg,details/C00607.jpg,details/C00608.jpg,details/C00609.jpg,details/C00610.jpg,details/C00611.jpg,details/C00612.jpg,details/C00613.jpg,details/C00614.jpg,details/C00615.jpg,details/C00616.jpg,details/C00617.jpg,details/C00618.jpg,details/C00619.jpg,details/C00620.jpg,details/C00621.jpg,details/C00622.jpg,details/C00623.jpg,details/C00624.jpg,details/C00625.jpg,details/C00626.jpg,details/C00627.jpg,details/C00628.jpg,details/C00629.jpg,details/C00630.jpg,details/C00631.jpg,details/C00632.jpg,details/C00633.jpg,details/C00634.jpg,details/C00635.jpg,details/C00636.jpg,details/C00637.jpg,details/C00638.jpg,details/C00639.jpg,details/C00640.jpg,details/C00641.jpg,details/C00642.jpg,details/C00643.jpg,details/C00644.jpg,details/C00645.jpg,details/C00646.jpg,details/C00647.jpg,details/C00648.jpg,details/C00649.jpg,details/C00650.jpg"
oy006,COSMETICS,2AN,GLAZE BOUNCING TINT,,6-Jun,920,30-Jun,105,150,https://static.lottedfs.cn/prod/prd-img/00/19/35/01/00/02/20001351900_1.jpg/dims/resize/460x460,https://www.shillasrm.com/dext5editordata/2025/08/28/20250828_205827433_81759.jpg
oy007,COSMETICS,2AN,Pocket Cotton Blurring Stick,,6-Jun,1040,30-Jun,110,130,https://image2.shilladfs.com/files/product2/2025/03/25/894011000088_20250325_14150571_12_894011000088_1.JPG,https://img.ssgdfs.com/upload/C00001/fckeditor/tempgoosdesc/202508/1754378928596.jpg?SF=webp
oy008,COSMETICS,AMUSE,[ICE BLUE LIMITED EDITION] AIRY PORE COVER CUSHION (+REFILL & Priming Balm),,6-Jun,1440,30-Jun,105,160,https://image.oliveyoung.co.kr/cfimages/cf-goods/uploads/images/thumbnails/10/0000/0022/A00000022939669ko.jpg?l=ko&QT=85&SF=webp&sharpen=1x0.5,"details/oy00801.jpg,details/oy00802.jpg,details/oy00803.jpg,details/oy00804.gif,details/oy00805.jpg,details/oy00806.jpg,details/oy00807.gif,details/oy00808.jpg,details/oy00809.gif,details/oy00810.jpg,details/oy00811.gif,details/oy00812.jpg,details/oy00813.gif,details/oy00814.jpg,details/oy00815.gif,details/oy00816.jpg,details/oy00817.jpg,details/oy00818.jpg,details/oy00819.jpg,details/oy00820.jpg,details/oy00821.jpg,details/oy00822.jpg,details/oy00823.jpg,details/oy00824.jpg,details/oy00825.jpg,details/oy00826.jpg,details/oy00827.jpg,details/oy00828.jpg,details/oy00829.jpg,details/oy00830.jpg,details/oy00831.jpg,details/oy00832.jpg,details/oy00833.jpg,details/oy00834.jpg,details/oy00835.jpg,details/oy00836.jpg,details/oy00837.jpg,details/oy00838.jpg,details/oy00839.jpg,details/oy00840.jpg,details/oy00841.jpg,details/oy00842.jpg,details/oy00843.jpg,details/oy00844.jpg,details/oy00845.jpg,details/oy00846.jpg,details/oy00847.jpg,details/oy00848.jpg,details/oy00849.jpg,details/oy00850.jpg"
oy009,COSMETICS,AMUSE,[MONCHHICHI LIMITED EDITION] AIRY PORE COVER CUSHION (NO REFILL),,6-Jun,1440,30-Jun,90,105,https://static.lottedfs.cn/prod/prd-img/40/95/41/01/00/02/20001419540_2.webp/dims/resize/460x460,"https://static.lottedfs.com/contents/images/ckeditor-img/20260331/20260331170249463b082848fb48d4e96acb5a749f2c29e56.jpg,https://static.lottedfs.com/contents/images/ckeditor-img/20260331/20260331170258701e97cd8dc8fb74576bfa683b9e062db54.jpg"
oy010,COSMETICS,AMUSE,DEW JELLY MASTER CUSHION REFILL SET,,6-Jun,1490,30-Jun,195,215,https://static.lottedfs.cn/prod/prd-img/16/29/40/01/00/02/20001402916_2.webp/dims/resize/460x460,"details/C01101.jpg,details/C01102.gif,details/C01103.gif,details/C01104.jpg,details/C01105.gif,details/C01106.jpg,details/C01107.jpg,details/C01108.gif,details/C01109.jpg,details/C01110.gif,details/C01111.jpg,details/C01112.gif,details/C01113.jpg,details/C01114.gif,details/C01115.jpg,details/C01116.jpg,details/C01117.jpg,details/C01118.jpg,details/C01119.jpg,details/C01120.jpg,details/C01121.jpg,details/C01122.jpg,details/C01123.jpg,details/C01124.jpg,details/C01125.jpg,details/C01126.jpg,details/C01127.jpg,details/C01128.jpg,details/C01129.jpg,details/C01130.jpg,details/C01131.jpg,details/C01132.jpg,details/C01133.jpg,details/C01134.jpg,details/C01135.jpg,details/C01136.jpg,details/C01137.jpg,details/C01138.jpg,details/C01139.jpg,details/C01140.jpg,details/C01141.jpg,details/C01142.jpg,details/C01143.jpg,details/C01144.jpg,details/C01145.jpg,details/C01146.jpg,details/C01147.jpg,details/C01148.jpg,details/C01149.jpg,details/C01150.jpg"
oy011,COSMETICS,AMUSE,[MONCHHICHI LIMITED EDITION] QUICK MAKEUP MINI GACHA SET,,6-Jun,1120,30-Jun,95,115,https://static.lottedfs.cn/prod/prd-img/20/96/41/01/00/02/20001419620_3.webp/dims/resize/460x460,"https://static.lottedfs.com/contents/images/ckeditor-img/20260331/20260331175412044e3333f219df042688974252aa094a8d4.jpg,https://static.lottedfs.com/contents/images/ckeditor-img/20260331/202603311754224646ae5919299e946b1b3b83c63dceb2a4b.jpg"
oy012,COSMETICS,AMUSE,DEW POWER VEGAN CUSHION REFILL SET,,6-Jun,1490,30-Jun,200,255,https://static.lottedfs.cn/prod/prd-img/00/29/40/01/00/02/20001402900_2.webp/dims/resize/460x460,http://image1.shilladfs.com/descgoods/2025/11/24/20251124_155411071_45624.jpg
oy013,COSMETICS,AMUSE,[MONCHHICHI EXCLUSIVE EDITION] GAME STATION LIP & CHEEK HEALTHY BALM ,,6-Jun,1120,30-Jun,105,128,https://static.lottedfs.cn/prod/prd-img/57/96/41/01/00/02/20001419657_3.webp/dims/resize/460x460,"https://static.lottedfs.com/contents/images/ckeditor-img/20260331/2026033118124160019c57be9159448a390d63ff9d4851c09.jpg,https://static.lottedfs.com/contents/images/ckeditor-img/20260331/20260331181231171e470940918ab46f99a10c4ae092d6e02.jpg"
oy014,COSMETICS,AMUSE,[MONCHHICHI LIMITED EDITION] CERAMIC SKIN PERFECTOR CUSHION (+REFILL),,6-Jun,1440,30-Jun,175,195,https://static.lottedfs.cn/prod/prd-img/59/95/41/01/00/02/20001419559_2.webp/dims/resize/460x460,"https://static.lottedfs.com/contents/images/ckeditor-img/20260331/202603311712385004a0c9ecac96e4b589096fc4db3225049.jpg,https://static.lottedfs.com/contents/images/ckeditor-img/20260331/20260331171252550c66758e8589142198949e3a9e97c1fc1.jpg"
oy015,COSMETICS,AMUSE,JEL-FIT TINT 染唇液,,6-Jun,840,30-Jun,160,170,https://image.oliveyoung.co.kr/cfimages/cf-goods/uploads/images/thumbnails/10/0000/0017/A000000179233109ko.jpg?l=ko&QT=85&SF=webp&sharpen=1x0.5,"https://static.lottedfs.com/contents/images/ckeditor-img/20260331/20260331172951875f2cc53c2f3284d8089c8a381f182dff0.jpg,https://static.lottedfs.com/contents/images/ckeditor-img/20260331/20260331173001132534c84c9966c486ab1bbb71384176225.jpg,https://static.lottedfs.com/contents/images/ckeditor-img/20260331/202603311730099791983e4949ac64f19a907a2889360ac95.jpg,https://static.lottedfs.com/contents/images/ckeditor-img/20260331/202603311730189372e903163ce014811a6ef3c2d1a5c9747.jpg"
oy016,COSMETICS,AMUSE,JEL FIT GLOSS 唇彩,,6-Jun,840,30-Jun,175,195,https://static.lottedfs.cn/prod/prd-img/41/97/37/01/00/02/20001379741_3.jpg/dims/resize/460x460,"details/oy01601.jpg,details/oy01602.jpg,details/oy01603.gif,details/oy01604.jpg,details/oy01605.jpg,details/oy01606.gif,details/oy01607.gif,details/oy01608.gif,details/oy01609.jpg,details/oy01610.jpg,details/oy01611.jpg,details/oy01612.jpg,details/oy01613.gif,details/oy01614.jpg,details/oy01615.jpg,details/oy01616.gif,details/oy01617.gif,details/oy01618.gif,details/oy01619.jpg,details/oy01620.gif,details/oy01621.jpg,details/oy01622.gif,details/oy01623.gif,details/oy01624.jpg,details/oy01625.jpg,details/oy01626.jpg,details/oy01627.jpg,details/oy01628.jpg,details/oy01629.jpg,details/oy01630.jpg,details/oy01631.jpg,details/oy01632.jpg,details/oy01633.jpg,details/oy01634.jpg,details/oy01635.jpg,details/oy01636.jpg,details/oy01637.jpg,details/oy01638.jpg,details/oy01639.jpg,details/oy01640.jpg,details/oy01641.jpg,details/oy01642.jpg,details/oy01643.jpg,details/oy01644.jpg,details/oy01645.jpg,details/oy01646.jpg,details/oy01647.jpg,details/oy01648.jpg,details/oy01649.jpg,details/oy01650.jpg"
oy017,COSMETICS,AMUSE,DEW WEAR FOUNDATION 粉底液,,6-Jun,1440,30-Jun,192,208,https://image.oliveyoung.co.kr/cfimages/cf-goods/uploads/images/thumbnails/10/0000/0018/A00000018889431ko.jpg?l=ko&QT=85&SF=webp&sharpen=1x0.5,http://image1.shilladfs.com/descgoods/2025/07/16/20250716_172044898_00039.jpg
oy018,COSMETICS,BANILA CO.,COVERLICIOUS SERUM FOUNDATION 粉底液 30ml,,6-Jun,2720,30-Jun,240,258,https://image.oliveyoung.co.kr/cfimages/cf-goods/uploads/images/thumbnails/10/0000/0021/A00000021294918ko.jpg?l=ko&QT=85&SF=webp&sharpen=1x0.5,"details/oy01801.jpg,details/oy01802.jpg,details/oy01803.jpg,details/oy01804.jpg,details/oy01805.jpg,details/oy01806.jpg,details/oy01807.gif,details/oy01808.jpg,details/oy01809.gif,details/oy01810.jpg,details/oy01811.jpg,details/oy01812.jpg,details/oy01813.jpg,details/oy01814.jpg,details/oy01815.gif,details/oy01816.jpg,details/oy01817.jpg,details/oy01818.jpg,details/oy01819.jpg,details/oy01820.jpg,details/oy01821.jpg,details/oy01822.jpg,details/oy01823.jpg,details/oy01824.jpg,details/oy01825.gif,details/oy01826.jpg,details/oy01827.jpg,details/oy01828.jpg,details/oy01829.jpg,details/oy01830.jpg,details/oy01831.jpg,details/oy01832.jpg,details/oy01833.jpg,details/oy01834.jpg,details/oy01835.jpg,details/oy01836.jpg,details/oy01837.jpg,details/oy01838.jpg,details/oy01839.jpg,details/oy01840.jpg,details/oy01841.jpg,details/oy01842.jpg,details/oy01843.jpg,details/oy01844.jpg,details/oy01845.jpg,details/oy01846.jpg,details/oy01847.jpg,details/oy01848.jpg,details/oy01849.jpg,details/oy01850.jpg"
oy019,COSMETICS,BANILA CO.,[NEW] SHEER BLUR POT,,6-Jun,1580,30-Jun,265,285,https://image.oliveyoung.co.kr/cfimages/cf-goods/uploads/images/thumbnails/10/0000/0025/A00000025473016ko.jpg?l=ko&QT=85&SF=webp&sharpen=1x0.5,"details/oy01901.jpg,details/oy01902.jpg,details/oy01903.jpg,details/oy01904.jpg,details/oy01905.jpg,details/oy01906.jpg,details/oy01907.jpg,details/oy01908.jpg,details/oy01909.jpg,details/oy01910.jpg,details/oy01911.jpg,details/oy01912.jpg,details/oy01913.gif,details/oy01914.jpg,details/oy01915.jpg,details/oy01916.jpg,details/oy01917.jpg,details/oy01918.jpg,details/oy01919.jpg,details/oy01920.jpg,details/oy01921.jpg,details/oy01922.jpg,details/oy01923.gif,details/oy01924.jpg,details/oy01925.jpg,details/oy01926.jpg,details/oy01927.jpg,details/oy01928.jpg,details/oy01929.jpg,details/oy01930.jpg,details/oy01931.jpg,details/oy01932.jpg,details/oy01933.jpg,details/oy01934.jpg,details/oy01935.jpg,details/oy01936.jpg,details/oy01937.jpg,details/oy01938.jpg,details/oy01939.jpg,details/oy01940.jpg,details/oy01941.jpg,details/oy01942.jpg,details/oy01943.jpg,details/oy01944.jpg,details/oy01945.jpg,details/oy01946.jpg,details/oy01947.jpg,details/oy01948.jpg,details/oy01949.jpg,details/oy01950.jpg"
oy020,COSMETICS,BANILA CO.,PRIME PRIMER CLASSIC 妝前乳 30ml,,6-Jun,1760,30-Jun,165,175,https://image.oliveyoung.co.kr/cfimages/cf-goods/uploads/images/thumbnails/10/0000/0025/A00000025309407ko.jpg?l=ko&QT=85&SF=webp&sharpen=1x0.5,https://img.ssgdfs.com/upload/C00001/fckeditor/tempgoosdesc/202604/1777341480067.jpg?SF=webp
oy021,COSMETICS,BANILA CO.,[RENEWAL] PRIME PRIMER HYDRATING 妝前乳 30ml,,6-Jun,1760,30-Jun,130,140,https://image.oliveyoung.co.kr/cfimages/cf-goods/uploads/images/thumbnails/10/0000/0025/A00000025426101ko.jpg?l=ko&QT=85&SF=webp&sharpen=1x0.5,"details/oy02101.jpg,details/oy02102.jpg,details/oy02103.jpg,details/oy02104.jpg,details/oy02105.jpg,details/oy02106.jpg,details/oy02107.gif,details/oy02108.jpg,details/oy02109.jpg,details/oy02110.gif,details/oy02111.jpg,details/oy02112.jpg,details/oy02113.jpg,details/oy02114.jpg,details/oy02115.jpg,details/oy02116.jpg,details/oy02117.jpg,details/oy02118.jpg,details/oy02119.jpg,details/oy02120.jpg,details/oy02121.jpg,details/oy02122.jpg,details/oy02123.jpg,details/oy02124.jpg,details/oy02125.jpg,details/oy02126.jpg,details/oy02127.jpg,details/oy02128.jpg,details/oy02129.jpg,details/oy02130.jpg,details/oy02131.jpg,details/oy02132.jpg,details/oy02133.jpg,details/oy02134.jpg,details/oy02135.jpg,details/oy02136.jpg,details/oy02137.jpg,details/oy02138.jpg,details/oy02139.jpg,details/oy02140.jpg,details/oy02141.jpg,details/oy02142.jpg,details/oy02143.jpg,details/oy02144.jpg,details/oy02145.jpg,details/oy02146.jpg,details/oy02147.jpg,details/oy02148.jpg,details/oy02149.jpg,details/oy02150.jpg"
oy022,COSMETICS,BANILA CO.,PRIME PRIMER SETTING FIXER 100ML,,6-Jun,1600,30-Jun,120,128,https://static.lottedfs.cn/prod/prd-img/63/50/43/01/00/02/20001435063_1.webp/dims/resize/460x460,https://img.ssgdfs.com/upload/C00001/fckeditor/tempgoosdesc/202604/1777340785837.jpg?SF=webp
oy023,COSMETICS,BANILA CO.,MOOD ON EYE PALETTE,,6-Jun,480,30-Jun,125,150,https://image.oliveyoung.co.kr/cfimages/cf-goods/uploads/images/thumbnails/10/0000/0017/A00000017259486ko.jpg?l=ko&QT=85&SF=webp&sharpen=1x0.5,"details/oy0231.jpg,details/oy0232.jpg,details/oy0233.jpg,details/oy0234.jpg,details/oy0235.gif,details/oy0236.jpg,details/oy0237.jpg,details/oy0238.jpg,details/oy02309.jpg,details/oy02310.jpg,details/oy02311.jpg,details/oy02312.jpg,details/oy02313.jpg,details/oy02314.jpg,details/oy02315.jpg,details/oy02316.jpg,details/oy02317.jpg,details/oy02318.jpg,details/oy02319.gif,details/oy02320.jpg,details/oy02321.jpg,details/oy02322.jpg,details/oy02323.jpg,details/oy02324.jpg,details/oy02325.jpg,details/oy02326.jpg,details/oy02327.jpg,details/oy02328.jpg,details/oy02329.jpg,details/oy02330.jpg,details/oy02331.jpg,details/oy02332.jpg,details/oy02333.jpg,details/oy02334.jpg,details/oy02335.jpg,details/oy02336.jpg,details/oy02337.jpg,details/oy02338.jpg,details/oy02339.jpg,details/oy02340.jpg,details/oy02341.jpg,details/oy02342.jpg,details/oy02343.jpg,details/oy02344.jpg,details/oy02345.jpg,details/oy02346.jpg,details/oy02347.jpg,details/oy02348.jpg,details/oy02349.jpg,details/oy02350.jpg"
oy024,COSMETICS,BANILA CO.,ESSENCE SKIN PINK CUSHION (+REFILL),,6-Jun,4860,30-Jun,120,150,https://image.oliveyoung.co.kr/cfimages/cf-goods/uploads/images/thumbnails/10/0000/0021/A00000021292934ko.jpg?l=ko&QT=85&SF=webp&sharpen=1x0.5,https://img.ssgdfs.com/upload/C00001/fckeditor/tempgoosdesc/202601/1768897918947.jpg?SF=webp
oy025,COSMETICS,BANILA CO.,PRIME PRIMER FINISH POWDER 12G,,6-Jun,2460,30-Jun,140,150,https://image.oliveyoung.co.kr/cfimages/cf-goods/uploads/images/thumbnails/10/0000/0025/A00000025309302ko.jpg?l=ko&QT=85&SF=webp&sharpen=1x0.5,"details/C02601.jpg,details/C02602.jpg,details/C02603.jpg,details/C02604.jpg,details/C02605.jpg,details/C02606.jpg,details/C02607.jpg,details/C02608.jpg,details/C02609.jpg,details/C02610.jpg,details/C02611.jpg,details/C02612.jpg,details/C02613.jpg,details/C02614.jpg,details/C02615.jpg,details/C02616.jpg,details/C02617.jpg,details/C02618.jpg,details/C02619.jpg,details/C02620.jpg,details/C02621.jpg,details/C02622.jpg,details/C02623.jpg,details/C02624.jpg,details/C02625.jpg,details/C02626.jpg,details/C02627.jpg,details/C02628.jpg,details/C02629.jpg,details/C02630.jpg,details/C02631.jpg,details/C02632.jpg,details/C02633.jpg,details/C02634.jpg,details/C02635.jpg,details/C02636.jpg,details/C02637.jpg,details/C02638.jpg,details/C02639.jpg,details/C02640.jpg,details/C02641.jpg,details/C02642.jpg,details/C02643.jpg,details/C02644.jpg,details/C02645.jpg,details/C02646.jpg,details/C02647.jpg,details/C02648.jpg,details/C02649.jpg,details/C02650.jpg"
oy026,COSMETICS,BANILA CO.,Romantic Blush Lip & Cheek,,6-Jun,1580,30-Jun,150,165,https://image.oliveyoung.co.kr/cfimages/cf-goods/uploads/images/thumbnails/10/0000/0022/A00000022504763ko.jpg?l=ko&QT=85&SF=webp&sharpen=1x0.5,"details/oy02601.jpg,details/oy02602.jpg,details/oy02603.gif,details/oy02604.jpg,details/oy02605.jpg,details/oy02606.jpg,details/oy02607.gif,details/oy02608.jpg,details/oy02609.jpg,details/oy02610.jpg,details/oy02611.jpg,details/oy02612.jpg,details/oy02613.jpg,details/oy02614.jpg,details/oy02615.gif,details/oy02616.jpg,details/oy02617.gif,details/oy02618.jpg,details/oy02619.gif,details/oy02620.jpg,details/oy02621.jpg,details/oy02622.jpg,details/oy02623.jpg,details/oy02624.jpg,details/oy02625.jpg,details/oy02626.jpg,details/oy02627.jpg,details/oy02628.jpg,details/oy02629.jpg,details/oy02630.jpg,details/oy02631.jpg,details/oy02632.jpg,details/oy02633.jpg,details/oy02634.jpg,details/oy02635.jpg,details/oy02636.jpg,details/oy02637.jpg,details/oy02638.jpg,details/oy02639.jpg,details/oy02640.jpg,details/oy02641.jpg,details/oy02642.jpg,details/oy02643.jpg,details/oy02644.jpg,details/oy02645.jpg,details/oy02646.jpg,details/oy02647.jpg,details/oy02648.jpg,details/oy02649.jpg,details/oy02650.jpg"
oy027,COSMETICS,BANILA CO.,PRIME PRIMER LOOSE SETTING POWDER 8g,,6-Jun,1760,30-Jun,190,220,https://static.lottedfs.com/prod/prd-img/58/50/43/01/00/02/20001435058_1.webp/dims/resize/460x460,"details/C02801.jpg,details/C02802.jpg,details/C02803.jpg,details/C02804.jpg,details/C02805.jpg,details/C02806.jpg,details/C02807.jpg,details/C02808.jpg,details/C02809.jpg,details/C02810.jpg,details/C02811.jpg,details/C02812.jpg,details/C02813.jpg,details/C02814.jpg,details/C02815.jpg,details/C02816.jpg,details/C02817.jpg,details/C02818.jpg,details/C02819.jpg,details/C02820.jpg,details/C02821.jpg,details/C02822.jpg,details/C02823.jpg,details/C02824.jpg,details/C02825.jpg,details/C02826.jpg,details/C02827.jpg,details/C02828.jpg,details/C02829.jpg,details/C02830.jpg,details/C02831.jpg,details/C02832.jpg,details/C02833.jpg,details/C02834.jpg,details/C02835.jpg,details/C02836.jpg,details/C02837.jpg,details/C02838.jpg,details/C02839.jpg,details/C02840.jpg,details/C02841.jpg,details/C02842.jpg,details/C02843.jpg,details/C02844.jpg,details/C02845.jpg,details/C02846.jpg,details/C02847.jpg,details/C02848.jpg,details/C02849.jpg,details/C02850.jpg"
oy028,COSMETICS,BANILA CO.,DEW GLOW TINT,,6-Jun,2160,30-Jun,208,235,https://image.oliveyoung.co.kr/cfimages/cf-goods/uploads/images/thumbnails/10/0000/0020/A00000020437353ko.jpg?l=ko&QT=85&SF=webp&sharpen=1x0.5,"details/oy02801.jpg,details/oy02802.jpg,details/oy02803.jpg,details/oy02804.jpg,details/oy02805.jpg,details/oy02806.gif,details/oy02807.jpg,details/oy02808.jpg,details/oy02809.jpg,details/oy02810.jpg,details/oy02811.jpg,details/oy02812.jpg,details/oy02813.jpg,details/oy02814.jpg,details/oy02815.jpg,details/oy02816.jpg,details/oy02817.jpg,details/oy02818.jpg,details/oy02819.jpg,details/oy02820.jpg,details/oy02821.jpg,details/oy02822.jpg,details/oy02823.jpg,details/oy02824.jpg,details/oy02825.jpg,details/oy02826.jpg,details/oy02827.jpg,details/oy02828.jpg,details/oy02829.jpg,details/oy02830.jpg,details/oy02831.jpg,details/oy02832.jpg,details/oy02833.jpg,details/oy02834.jpg,details/oy02835.jpg,details/oy02836.jpg,details/oy02837.jpg,details/oy02838.jpg,details/oy02839.jpg,details/oy02840.jpg,details/oy02841.jpg,details/oy02842.jpg,details/oy02843.jpg,details/oy02844.jpg,details/oy02845.jpg,details/oy02846.jpg,details/oy02847.jpg,details/oy02848.jpg,details/oy02849.jpg,details/oy02850.jpg"
oy029,COSMETICS,BANILA CO.,SHEER VELVET VEIL TINT,,6-Jun,2160,30-Jun,200,220,https://image.oliveyoung.co.kr/cfimages/cf-goods/uploads/images/thumbnails/10/0000/0021/A00000021283066ko.jpg?l=ko&QT=85&SF=webp&sharpen=1x0.5,"details/oy02901.jpg,details/oy02902.jpg,details/oy02903.jpg,details/oy02904.jpg,details/oy02905.jpg,details/oy02906.jpg,details/oy02907.jpg,details/oy02908.gif,details/oy02909.jpg,details/oy02910.jpg,details/oy02911.jpg,details/oy02912.jpg,details/oy02913.jpg,details/oy02914.jpg,details/oy02915.jpg,details/oy02916.jpg,details/oy02917.jpg,details/oy02918.jpg,details/oy02919.gif,details/oy02920.jpg,details/oy02921.jpg,details/oy02922.jpg,details/oy02923.jpg,details/oy02924.jpg,details/oy02925.jpg,details/oy02926.jpg,details/oy02927.jpg,details/oy02928.jpg,details/oy02929.jpg,details/oy02930.jpg,details/oy02931.jpg,details/oy02932.jpg,details/oy02933.jpg,details/oy02934.jpg,details/oy02935.jpg,details/oy02936.jpg,details/oy02937.jpg,details/oy02938.jpg,details/oy02939.jpg,details/oy02940.jpg,details/oy02941.jpg,details/oy02942.jpg,details/oy02943.jpg,details/oy02944.jpg,details/oy02945.jpg,details/oy02946.jpg,details/oy02947.jpg,details/oy02948.jpg,details/oy02949.jpg,details/oy02950.jpg"
oy030,COSMETICS,BANILA CO.,[NEW COLOR] GLOW VEIL TINT,,6-Jun,2020,30-Jun,138,155,https://image.oliveyoung.co.kr/cfimages/cf-goods/uploads/images/thumbnails/10/0000/0023/A00000023163714ko.jpg?l=ko&QT=85&SF=webp&sharpen=1x0.5,"details/oy03001.jpg,details/oy03002.jpg,details/oy03003.jpg,details/oy03004.jpg,details/oy03005.jpg,details/oy03006.jpg,details/oy03007.gif,details/oy03008.jpg,details/oy03009.jpg,details/oy03010.jpg,details/oy03011.jpg,details/oy03012.jpg,details/oy03013.jpg,details/oy03014.jpg,details/oy03015.jpg,details/oy03016.jpg,details/oy03017.jpg,details/oy03018.jpg,details/oy03019.gif,details/oy03020.jpg,details/oy03021.jpg,details/oy03022.jpg,details/oy03023.jpg,details/oy03024.jpg,details/oy03025.jpg,details/oy03026.jpg,details/oy03027.jpg,details/oy03028.jpg,details/oy03029.jpg,details/oy03030.jpg,details/oy03031.jpg,details/oy03032.jpg,details/oy03033.jpg,details/oy03034.jpg,details/oy03035.jpg,details/oy03036.jpg,details/oy03037.jpg,details/oy03038.jpg,details/oy03039.jpg,details/oy03040.jpg,details/oy03041.jpg,details/oy03042.jpg,details/oy03043.jpg,details/oy03044.jpg,details/oy03045.jpg,details/oy03046.jpg,details/oy03047.jpg,details/oy03048.jpg,details/oy03049.jpg,details/oy03050.jpg"
oy031,COSMETICS,BANILA CO.,[NEW] COVERICIOUS ULTIMATE WHITE CUSHION AIR (+REFILL),,6-Jun,9720,30-Jun,110,130,https://image.oliveyoung.co.kr/cfimages/cf-goods/uploads/images/thumbnails/10/0000/0025/A00000025489210ko.jpg?l=ko&QT=85&SF=webp&sharpen=1x0.5,"details/oy03101.jpg,details/oy03102.jpg,details/oy03103.jpg,details/oy03104.gif,details/oy03105.jpg,details/oy03106.jpg,details/oy03107.jpg,details/oy03108.jpg,details/oy03109.gif,details/oy03110.jpg,details/oy03111.jpg,details/oy03112.jpg,details/oy03113.jpg,details/oy03114.jpg,details/oy03115.jpg,details/oy03116.jpg,details/oy03117.gif,details/oy03118.jpg,details/oy03119.jpg,details/oy03120.jpg,details/oy03121.jpg,details/oy03122.jpg,details/oy03123.jpg,details/oy03124.jpg,details/oy03125.jpg,details/oy03126.jpg,details/oy03127.jpg,details/oy03128.jpg,details/oy03129.jpg,details/oy03130.jpg,details/oy03131.jpg,details/oy03132.jpg,details/oy03133.jpg,details/oy03134.jpg,details/oy03135.jpg,details/oy03136.jpg,details/oy03137.jpg,details/oy03138.jpg,details/oy03139.jpg,details/oy03140.jpg,details/oy03141.jpg,details/oy03142.jpg,details/oy03143.jpg,details/oy03144.jpg,details/oy03145.jpg,details/oy03146.jpg,details/oy03147.jpg,details/oy03148.jpg,details/oy03149.jpg,details/oy03150.jpg"
oy032,COSMETICS,BANILA CO.,[NEW] VOLUME LIP PLUMPER (MAXI SHOT),,6-Jun,2160,30-Jun,100,112,https://image.oliveyoung.co.kr/cfimages/cf-goods/uploads/images/thumbnails/10/0000/0025/A00000025477712ko.jpg?l=ko&QT=85&SF=webp&sharpen=1x0.5,"details/oy03201.jpg,details/oy03202.jpg,details/oy03203.jpg,details/oy03204.gif,details/oy03205.jpg,details/oy03206.jpg,details/oy03207.jpg,details/oy03208.gif,details/oy03209.jpg,details/oy03210.gif,details/oy03211.gif,details/oy03212.jpg,details/oy03213.jpg,details/oy03214.jpg,details/oy03215.jpg,details/oy03216.jpg,details/oy03217.gif,details/oy03218.jpg,details/oy03219.jpg,details/oy03220.jpg,details/oy03221.jpg,details/oy03222.jpg,details/oy03223.jpg,details/oy03224.jpg,details/oy03225.jpg,details/oy03226.jpg,details/oy03227.jpg,details/oy03228.jpg,details/oy03229.jpg,details/oy03230.jpg,details/oy03231.jpg,details/oy03232.jpg,details/oy03233.jpg,details/oy03234.jpg,details/oy03235.jpg,details/oy03236.jpg,details/oy03237.jpg,details/oy03238.jpg,details/oy03239.jpg,details/oy03240.jpg,details/oy03241.jpg,details/oy03242.jpg,details/oy03243.jpg,details/oy03244.jpg,details/oy03245.jpg,details/oy03246.jpg,details/oy03247.jpg,details/oy03248.jpg,details/oy03249.jpg,details/oy03250.jpg"
oy033,COSMETICS,BANILA CO.,[RENEWAL] ULTIMATE WHITE CUSHION (+REFILL & MAKEUP SERUM),,6-Jun,2120,30-Jun,140,155,https://image.oliveyoung.co.kr/cfimages/cf-goods/uploads/images/thumbnails/10/0000/0024/A00000024867133ko.jpg?l=ko&QT=85&SF=webp&sharpen=1x0.5,"details/oy03301.jpg,details/oy03302.jpg,details/oy03303.jpg,details/oy03304.jpg,details/oy03305.gif,details/oy03306.jpg,details/oy03307.jpg,details/oy03308.jpg,details/oy03309.jpg,details/oy03310.jpg,details/oy03311.jpg,details/oy03312.jpg,details/oy03313.gif,details/oy03314.jpg,details/oy03315.gif,details/oy03316.jpg,details/oy03317.gif,details/oy03318.jpg,details/oy03319.jpg,details/oy03320.jpg,details/oy03321.jpg,details/oy03322.gif,details/oy03323.jpg,details/oy03324.jpg,details/oy03325.jpg,details/oy03326.jpg,details/oy03327.jpg,details/oy03328.jpg,details/oy03329.jpg,details/oy03330.jpg,details/oy03331.jpg,details/oy03332.jpg,details/oy03333.jpg,details/oy03334.jpg,details/oy03335.jpg,details/oy03336.jpg,details/oy03337.jpg,details/oy03338.jpg,details/oy03339.jpg,details/oy03340.jpg,details/oy03341.jpg,details/oy03342.jpg,details/oy03343.jpg,details/oy03344.jpg,details/oy03345.jpg,details/oy03346.jpg,details/oy03347.jpg,details/oy03348.jpg,details/oy03349.jpg,details/oy03350.jpg"
,,BBIA,MOCHI BLUSH,,6-Jun,2120,30-Jun,,30.9,https://img.ssgdfs.com/upload/C00001/goos/org/322/250716000873322.jpg?SF=webp&AR=0,"https://sky007.ivyro.net/BBIA/SANGSE/Last_Blush_01.jpg, https://sky007.ivyro.net/BBIA/SANGSE/Last_Blush_02.jpg, https://sky007.ivyro.net/BBIA/SANGSE/Last_Blush_03.jpg, https://sky007.ivyro.net/BBIA/SANGSE/Last_Blush_04.jpg, https://sky007.ivyro.net/BBIA/SANGSE/Last_Blush_05.jpg, https://sky007.ivyro.net/BBIA/SANGSE/Last_Blush_06.jpg, https://sky007.ivyro.net/BBIA/SANGSE/Last_Blush_07.jpg, https://sky007.ivyro.net/BBIA/SANGSE/Last_Blush_08.jpg, https://sky007.ivyro.net/BBIA/SANGSE/Last_Blush_09.jpg"
,,BBIA,OVER GLAZE ,,6-Jun,360,30-Jun,,17.7,https://image.oliveyoung.co.kr/cfimages/cf-goods/uploads/images/thumbnails/10/0000/0022/A00000022504653ko.jpg?l=ko&QT=85&SF=webp&sharpen=1x0.5,"details/oy03501.jpg,details/oy03502.jpg,details/oy03503.jpg,details/oy03504.jpg,details/oy03505.jpg,details/oy03506.jpg,details/oy03507.jpg,details/oy03508.jpg,details/oy03509.jpg,details/oy03510.jpg,details/oy03511.jpg,details/oy03512.jpg,details/oy03513.jpg,details/oy03514.jpg,details/oy03515.jpg,details/oy03516.jpg,details/oy03517.jpg,details/oy03518.jpg,details/oy03519.jpg,details/oy03520.jpg,details/oy03521.jpg,details/oy03522.jpg,details/oy03523.jpg,details/oy03524.jpg,details/oy03525.jpg,details/oy03526.jpg,details/oy03527.jpg,details/oy03528.jpg,details/oy03529.jpg,details/oy03530.jpg,details/oy03531.jpg,details/oy03532.jpg,details/oy03533.jpg,details/oy03534.jpg,details/oy03535.jpg,details/oy03536.jpg,details/oy03537.jpg,details/oy03538.jpg,details/oy03539.jpg,details/oy03540.jpg,details/oy03541.jpg,details/oy03542.jpg,details/oy03543.jpg,details/oy03544.jpg,details/oy03545.jpg,details/oy03546.jpg,details/oy03547.jpg,details/oy03548.jpg,details/oy03549.jpg,details/oy03550.jpg"
,,BBIA,LAST AUTO GEL EYELINER,,6-Jun,170,30-Jun,,16.275,https://image.oliveyoung.co.kr/cfimages/cf-goods/uploads/images/thumbnails/10/0000/0016/A00000016267287ko.jpg?l=ko&QT=85&SF=webp&sharpen=1x0.5,"details/oy03601.jpg,details/oy03602.jpg,details/oy03603.jpg,details/oy03604.jpg,details/oy03605.jpg,details/oy03606.jpg,details/oy03607.jpg,details/oy03608.jpg,details/oy03609.jpg,details/oy03610.jpg,details/oy03611.jpg,details/oy03612.jpg,details/oy03613.jpg,details/oy03614.jpg,details/oy03615.jpg,details/oy03616.jpg,details/oy03617.jpg,details/oy03618.jpg,details/oy03619.jpg,details/oy03620.jpg,details/oy03621.jpg,details/oy03622.jpg,details/oy03623.jpg,details/oy03624.jpg,details/oy03625.jpg,details/oy03626.jpg,details/oy03627.jpg,details/oy03628.jpg,details/oy03629.jpg,details/oy03630.jpg,details/oy03631.jpg,details/oy03632.jpg,details/oy03633.jpg,details/oy03634.jpg,details/oy03635.jpg,details/oy03636.jpg,details/oy03637.jpg,details/oy03638.jpg,details/oy03639.jpg,details/oy03640.jpg,details/oy03641.jpg,details/oy03642.jpg,details/oy03643.jpg,details/oy03644.jpg,details/oy03645.jpg,details/oy03646.jpg,details/oy03647.jpg,details/oy03648.jpg,details/oy03649.jpg,details/oy03650.jpg"
,,BBIA,LAST VELVET TINT,,6-Jun,600,30-Jun,,19.5,https://image.oliveyoung.co.kr/cfimages/cf-goods/uploads/images/thumbnails/10/0000/0020/A00000020712166ko.jpg?l=ko&QT=85&SF=webp&sharpen=1x0.5,"details/oy03701.jpg,details/oy03702.jpg,details/oy03703.jpg,details/oy03704.jpg,details/oy03705.jpg,details/oy03706.jpg,details/oy03707.jpg,details/oy03708.jpg,details/oy03709.jpg,details/oy03710.jpg,details/oy03711.jpg,details/oy03712.jpg,details/oy03713.jpg,details/oy03714.jpg,details/oy03715.jpg,details/oy03716.jpg,details/oy03717.jpg,details/oy03718.jpg,details/oy03719.jpg,details/oy03720.jpg,details/oy03721.jpg,details/oy03722.jpg,details/oy03723.jpg,details/oy03724.jpg,details/oy03725.jpg,details/oy03726.jpg,details/oy03727.jpg,details/oy03728.jpg,details/oy03729.jpg,details/oy03730.jpg,details/oy03731.jpg,details/oy03732.jpg,details/oy03733.jpg,details/oy03734.jpg,details/oy03735.jpg,details/oy03736.jpg,details/oy03737.jpg,details/oy03738.jpg,details/oy03739.jpg,details/oy03740.jpg,details/oy03741.jpg,details/oy03742.jpg,details/oy03743.jpg,details/oy03744.jpg,details/oy03745.jpg,details/oy03746.jpg,details/oy03747.jpg,details/oy03748.jpg,details/oy03749.jpg,details/oy03750.jpg"
,,BBIA,READY TO WEAR DOWNY CHEEK,,6-Jun,790,30-Jun,,20.925,https://image.oliveyoung.co.kr/cfimages/cf-goods/uploads/images/thumbnails/10/0000/0016/A00000016845944ko.jpg?l=ko&QT=85&SF=webp&sharpen=1x0.5,"details/oy03801.jpg,details/oy03802.jpg,details/oy03803.jpg,details/oy03804.jpg,details/oy03805.jpg,details/oy03806.jpg,details/oy03807.jpg,details/oy03808.jpg,details/oy03809.jpg,details/oy03810.jpg,details/oy03811.jpg,details/oy03812.jpg,details/oy03813.jpg,details/oy03814.jpg,details/oy03815.jpg,details/oy03816.jpg,details/oy03817.jpg,details/oy03818.jpg,details/oy03819.jpg,details/oy03820.jpg,details/oy03821.jpg,details/oy03822.jpg,details/oy03823.jpg,details/oy03824.jpg,details/oy03825.jpg,details/oy03826.jpg,details/oy03827.jpg,details/oy03828.jpg,details/oy03829.jpg,details/oy03830.jpg,details/oy03831.jpg,details/oy03832.jpg,details/oy03833.jpg,details/oy03834.jpg,details/oy03835.jpg,details/oy03836.jpg,details/oy03837.jpg,details/oy03838.jpg,details/oy03839.jpg,details/oy03840.jpg,details/oy03841.jpg,details/oy03842.jpg,details/oy03843.jpg,details/oy03844.jpg,details/oy03845.jpg,details/oy03846.jpg,details/oy03847.jpg,details/oy03848.jpg,details/oy03849.jpg,details/oy03850.jpg"
,,BBIA,READY TO WEAR EYE PALETTE,,6-Jun,2830,30-Jun,,36.225,https://image.oliveyoung.co.kr/cfimages/cf-goods/uploads/images/thumbnails/10/0000/0019/A00000019038728ko.jpg?l=ko&QT=85&SF=webp&sharpen=1x0.5,"details/oy03901.jpg,details/oy03902.jpg,details/oy03903.jpg,details/oy03904.jpg,details/oy03905.jpg,details/oy03906.jpg,details/oy03907.jpg,details/oy03908.jpg,details/oy03909.jpg,details/oy03910.jpg,details/oy03911.jpg,details/oy03912.jpg,details/oy03913.jpg,details/oy03914.jpg,details/oy03915.jpg,details/oy03916.jpg,details/oy03917.jpg,details/oy03918.jpg,details/oy03919.jpg,details/oy03920.jpg,details/oy03921.jpg,details/oy03922.jpg,details/oy03923.jpg,details/oy03924.jpg,details/oy03925.jpg,details/oy03926.jpg,details/oy03927.jpg,details/oy03928.jpg,details/oy03929.jpg,details/oy03930.jpg,details/oy03931.jpg,details/oy03932.jpg,details/oy03933.jpg,details/oy03934.jpg,details/oy03935.jpg,details/oy03936.jpg,details/oy03937.jpg,details/oy03938.jpg,details/oy03939.jpg,details/oy03940.jpg,details/oy03941.jpg,details/oy03942.jpg,details/oy03943.jpg,details/oy03944.jpg,details/oy03945.jpg,details/oy03946.jpg,details/oy03947.jpg,details/oy03948.jpg,details/oy03949.jpg,details/oy03950.jpg"
,,BBIA,EAU POWDER PACT,,6-Jun,510,30-Jun,,18.825,https://image.oliveyoung.co.kr/cfimages/cf-goods/uploads/images/thumbnails/10/0000/0023/A00000023238110ko.jpg?l=ko&QT=85&SF=webp&sharpen=1x0.5,"https://sky007.ivyro.net/BBIA/SANGSE/Eau_Powder_pact_01.jpg, https://sky007.ivyro.net/BBIA/SANGSE/Eau_Powder_pact_02.jpg, https://sky007.ivyro.net/BBIA/SANGSE/Eau_Powder_pact_03.jpg, https://sky007.ivyro.net/BBIA/SANGSE/Eau_Powder_pact_04.jpg, https://sky007.ivyro.net/BBIA/SANGSE/Eau_Powder_pact_05.jpg, https://sky007.ivyro.net/BBIA/SANGSE/Eau_Powder_pact_06.jpg, https://sky007.ivyro.net/BBIA/SANGSE/Eau_Powder_pact_07.jpg, https://sky007.ivyro.net/BBIA/SANGSE/Eau_Powder_pact_08.jpg"
,,BBIA,NUDY SLIM EYELINER,,6-Jun,270,30-Jun,,17.025,https://image.oliveyoung.co.kr/cfimages/cf-goods/uploads/images/thumbnails/10/0000/0024/A00000024593323ko.jpg?l=ko&QT=85&SF=webp&sharpen=1x0.5,
,,ABOUT TONE,SKIN FIT LAYER CONCEALER,,6-Jun,4860,30-Jun,,51.45,https://image.oliveyoung.co.kr/cfimages/cf-goods/uploads/images/thumbnails/10/0000/0021/A00000021193411ko.jpg?l=ko&QT=85&SF=webp&sharpen=1x0.5,"https://abouttone.ivyro.net/product/240912_at_skinlayer_concealer_01.jpg, https://abouttone.ivyro.net/product/240912_at_skinlayer_concealer_02.jpg, https://abouttone.ivyro.net/product/240912_at_skinlayer_concealer_03.jpg, https://abouttone.ivyro.net/product/240912_at_skinlayer_concealer_04.jpg, https://abouttone.ivyro.net/product/240912_at_skinlayer_concealer_05.jpg, https://abouttone.ivyro.net/product/240912_at_skinlayer_concealer_06.jpg https://abouttone.ivyro.net/product/240912_at_skinlayer_concealer_07.jpg"
,,ABOUT TONE,SKIN FIT LAYER FOUNDATION,,6-Jun,1540,30-Jun,,26.55,https://image.oliveyoung.co.kr/cfimages/cf-goods/uploads/images/thumbnails/10/0000/0021/A00000021193634ko.jpg?l=ko&QT=85&SF=webp&sharpen=1x0.5,"https://abouttone.ivyro.net/product/at_skinlayer_foundation_01_newcolor.jpg, https://abouttone.ivyro.net/product/at_skinlayer_foundation_02_newcolor.jpg, https://abouttone.ivyro.net/product/at_skinlayer_foundation_03_newcolor.jpg, https://abouttone.ivyro.net/product/at_skinlayer_foundation_04_newcolor.jpg, https://abouttone.ivyro.net/product/at_skinlayer_foundation_05_newcolor.jpg, https://abouttone.ivyro.net/product/at_skinlayer_foundation_06_newcolor.jpg, https://abouttone.ivyro.net/product/at_skinlayer_foundation_07_newcolor.jpg, https://abouttone.ivyro.net/product/at_skinlayer_foundation_08_newcolor.jpg,  https://abouttone.ivyro.net/product/at_skinlayer_foundation_09_newcolor.jpg"
,,ABOUT TONE,Fluffy Wear Blusher ,,6-Jun,2200,30-Jun,,31.5,https://image.oliveyoung.co.kr/cfimages/cf-goods/uploads/images/thumbnails/10/0000/0018/A00000018811019ko.png?l=ko&QT=100&SF=webp&sharpen=1x0.5,"details/oy04501.jpg,details/oy04502.jpg,details/oy04503.jpg,details/oy04504.jpg,details/oy04505.jpg,details/oy04506.jpg,details/oy04507.jpg,details/oy04508.jpg,details/oy04509.jpg,details/oy04510.jpg,details/oy04511.jpg,details/oy04512.jpg,details/oy04513.jpg,details/oy04514.jpg,details/oy04515.jpg,details/oy04516.jpg,details/oy04517.jpg,details/oy04518.jpg,details/oy04519.jpg,details/oy04520.jpg,details/oy04521.jpg,details/oy04522.jpg,details/oy04523.jpg,details/oy04524.jpg,details/oy04525.jpg,details/oy04526.jpg,details/oy04527.jpg,details/oy04528.jpg,details/oy04529.jpg,details/oy04530.jpg,details/oy04531.jpg,details/oy04532.jpg,details/oy04533.jpg,details/oy04534.jpg,details/oy04535.jpg,details/oy04536.jpg,details/oy04537.jpg,details/oy04538.jpg,details/oy04539.jpg,details/oy04540.jpg,details/oy04541.jpg,details/oy04542.jpg,details/oy04543.jpg,details/oy04544.jpg,details/oy04545.jpg,details/oy04546.jpg,details/oy04547.jpg,details/oy04548.jpg,details/oy04549.jpg,details/oy04550.jpg"
,,ABOUT TONE,SKIN LAYER FIT CUSHION,,6-Jun,1200,31-Jul,,24,https://image.oliveyoung.co.kr/cfimages/cf-goods/uploads/images/thumbnails/10/0000/0022/A00000022481025ko.jpg?l=ko&QT=85&SF=webp&sharpen=1x0.5,"details/oy04601.jpg,details/oy04602.jpg,details/oy04603.jpg,details/oy04604.jpg,details/oy04605.jpg,details/oy04606.jpg,details/oy04607.jpg,details/oy04608.jpg,details/oy04609.jpg,details/oy04610.jpg,details/oy04611.jpg,details/oy04612.jpg,details/oy04613.jpg,details/oy04614.jpg,details/oy04615.jpg,details/oy04616.jpg,details/oy04617.jpg,details/oy04618.jpg,details/oy04619.jpg,details/oy04620.jpg,details/oy04621.jpg,details/oy04622.jpg,details/oy04623.jpg,details/oy04624.jpg,details/oy04625.jpg,details/oy04626.jpg,details/oy04627.jpg,details/oy04628.jpg,details/oy04629.jpg,details/oy04630.jpg,details/oy04631.jpg,details/oy04632.jpg,details/oy04633.jpg,details/oy04634.jpg,details/oy04635.jpg,details/oy04636.jpg,details/oy04637.jpg,details/oy04638.jpg,details/oy04639.jpg,details/oy04640.jpg,details/oy04641.jpg,details/oy04642.jpg,details/oy04643.jpg,details/oy04644.jpg,details/oy04645.jpg,details/oy04646.jpg,details/oy04647.jpg,details/oy04648.jpg,details/oy04649.jpg,details/oy04650.jpg"
,,ABOUT TONE,BLUR POWDER PACT,,5-Jun,1400,30-Jun,,25.5,https://image.oliveyoung.co.kr/cfimages/cf-goods/uploads/images/thumbnails/10/0000/0023/A00000023860147ko.jpg?l=ko&QT=85&SF=webp&sharpen=1x0.5,"details/oy04701.jpg,details/oy04702.jpg,details/oy04703.jpg,details/oy04704.jpg,details/oy04705.jpg,details/oy04706.jpg,details/oy04707.jpg,details/oy04708.jpg,details/oy04709.jpg,details/oy04710.jpg,details/oy04711.jpg,details/oy04712.jpg,details/oy04713.jpg,details/oy04714.jpg,details/oy04715.jpg,details/oy04716.jpg,details/oy04717.jpg,details/oy04718.jpg,details/oy04719.jpg,details/oy04720.jpg,details/oy04721.jpg,details/oy04722.jpg,details/oy04723.jpg,details/oy04724.jpg,details/oy04725.jpg,details/oy04726.jpg,details/oy04727.jpg,details/oy04728.jpg,details/oy04729.jpg,details/oy04730.jpg,details/oy04731.jpg,details/oy04732.jpg,details/oy04733.jpg,details/oy04734.jpg,details/oy04735.jpg,details/oy04736.jpg,details/oy04737.jpg,details/oy04738.jpg,details/oy04739.jpg,details/oy04740.jpg,details/oy04741.jpg,details/oy04742.jpg,details/oy04743.jpg,details/oy04744.jpg,details/oy04745.jpg,details/oy04746.jpg,details/oy04747.jpg,details/oy04748.jpg,details/oy04749.jpg,details/oy04750.jpg"
,,ALTERNATIVE STEREO,[NEW] LIP POTION HONEY TEA STAIN,,6-Jun,300,30-Jun,,17.25,https://image.oliveyoung.co.kr/cfimages/cf-goods/uploads/images/thumbnails/10/0000/0025/A00000025611609ko.jpg?l=ko&QT=85&SF=webp&sharpen=1x0.5,"details/oy04801.jpg,details/oy04802.jpg,details/oy04803.jpg,details/oy04804.jpg,details/oy04805.jpg,details/oy04806.jpg,details/oy04807.jpg,details/oy04808.jpg,details/oy04809.jpg,details/oy04810.jpg,details/oy04811.jpg,details/oy04812.jpg,details/oy04813.jpg,details/oy04814.jpg,details/oy04815.jpg,details/oy04816.jpg,details/oy04817.jpg,details/oy04818.jpg,details/oy04819.jpg,details/oy04820.jpg,details/oy04821.jpg,details/oy04822.jpg,details/oy04823.jpg,details/oy04824.jpg,details/oy04825.jpg,details/oy04826.jpg,details/oy04827.jpg,details/oy04828.jpg,details/oy04829.jpg,details/oy04830.jpg,details/oy04831.jpg,details/oy04832.jpg,details/oy04833.jpg,details/oy04834.jpg,details/oy04835.jpg,details/oy04836.jpg,details/oy04837.jpg,details/oy04838.jpg,details/oy04839.jpg,details/oy04840.jpg,details/oy04841.jpg,details/oy04842.jpg,details/oy04843.jpg,details/oy04844.jpg,details/oy04845.jpg,details/oy04846.jpg,details/oy04847.jpg,details/oy04848.jpg,details/oy04849.jpg,details/oy04850.jpg"
,,ALTERNATIVE STEREO,BALMY CREAM CHEEK,,6-Jun,1270,30-Jun,,24.525,https://image.oliveyoung.co.kr/cfimages/cf-goods/uploads/images/thumbnails/10/0000/0021/A00000021342923ko.png?l=ko&QT=100&SF=webp&sharpen=1x0.5,"details/oy04901.jpg,details/oy04902.jpg,details/oy04903.jpg,details/oy04904.jpg,details/oy04905.jpg,details/oy04906.jpg,details/oy04907.jpg,details/oy04908.jpg,details/oy04909.jpg,details/oy04910.jpg,details/oy04911.jpg,details/oy04912.jpg,details/oy04913.jpg,details/oy04914.jpg,details/oy04915.jpg,details/oy04916.jpg,details/oy04917.jpg,details/oy04918.jpg,details/oy04919.jpg,details/oy04920.jpg,details/oy04921.jpg,details/oy04922.jpg,details/oy04923.jpg,details/oy04924.jpg,details/oy04925.jpg,details/oy04926.jpg,details/oy04927.jpg,details/oy04928.jpg,details/oy04929.jpg,details/oy04930.jpg,details/oy04931.jpg,details/oy04932.jpg,details/oy04933.jpg,details/oy04934.jpg,details/oy04935.jpg,details/oy04936.jpg,details/oy04937.jpg,details/oy04938.jpg,details/oy04939.jpg,details/oy04940.jpg,details/oy04941.jpg,details/oy04942.jpg,details/oy04943.jpg,details/oy04944.jpg,details/oy04945.jpg,details/oy04946.jpg,details/oy04947.jpg,details/oy04948.jpg,details/oy04949.jpg,details/oy04950.jpg"
,,ALTERNATIVE STEREO,LIP POTION SUGAR GLAZE,,6-Jun,300,30-Jun,,17.25,https://image.oliveyoung.co.kr/cfimages/cf-goods/uploads/images/thumbnails/10/0000/0021/A00000021172392ko.jpg?l=ko&QT=85&SF=webp&sharpen=1x0.5,"details/oy05001.jpg,details/oy05002.jpg,details/oy05003.jpg,details/oy05004.jpg,details/oy05005.jpg,details/oy05006.jpg,details/oy05007.jpg,details/oy05008.jpg,details/oy05009.jpg,details/oy05010.jpg,details/oy05011.jpg,details/oy05012.jpg,details/oy05013.jpg,details/oy05014.jpg,details/oy05015.jpg,details/oy05016.jpg,details/oy05017.jpg,details/oy05018.jpg,details/oy05019.jpg,details/oy05020.jpg,details/oy05021.jpg,details/oy05022.jpg,details/oy05023.jpg,details/oy05024.jpg,details/oy05025.jpg,details/oy05026.jpg,details/oy05027.jpg,details/oy05028.jpg,details/oy05029.jpg,details/oy05030.jpg,details/oy05031.jpg,details/oy05032.jpg,details/oy05033.jpg,details/oy05034.jpg,details/oy05035.jpg,details/oy05036.jpg,details/oy05037.jpg,details/oy05038.jpg,details/oy05039.jpg,details/oy05040.jpg,details/oy05041.jpg,details/oy05042.jpg,details/oy05043.jpg,details/oy05044.jpg,details/oy05045.jpg,details/oy05046.jpg,details/oy05047.jpg,details/oy05048.jpg,details/oy05049.jpg,details/oy05050.jpg"
,,ALTERNATIVE STEREO,[NEW] LIP POTION CARAMEL GLAZE SWEETNESS GLAZE DESSERT,,4-Jun,310,30-Jun,,17.325,https://image.oliveyoung.co.kr/cfimages/cf-goods/uploads/images/thumbnails/10/0000/0023/A00000023439483ko.jpg?l=ko&QT=85&SF=webp&sharpen=1x0.5,"details/oy05101.jpg,details/oy05102.jpg,details/oy05103.jpg,details/oy05104.jpg,details/oy05105.jpg,details/oy05106.jpg,details/oy05107.jpg,details/oy05108.jpg,details/oy05109.jpg,details/oy05110.jpg,details/oy05111.jpg,details/oy05112.jpg,details/oy05113.jpg,details/oy05114.jpg,details/oy05115.jpg,details/oy05116.jpg,details/oy05117.jpg,details/oy05118.jpg,details/oy05119.jpg,details/oy05120.jpg,details/oy05121.jpg,details/oy05122.jpg,details/oy05123.jpg,details/oy05124.jpg,details/oy05125.jpg,details/oy05126.jpg,details/oy05127.jpg,details/oy05128.jpg,details/oy05129.jpg,details/oy05130.jpg,details/oy05131.jpg,details/oy05132.jpg,details/oy05133.jpg,details/oy05134.jpg,details/oy05135.jpg,details/oy05136.jpg,details/oy05137.jpg,details/oy05138.jpg,details/oy05139.jpg,details/oy05140.jpg,details/oy05141.jpg,details/oy05142.jpg,details/oy05143.jpg,details/oy05144.jpg,details/oy05145.jpg,details/oy05146.jpg,details/oy05147.jpg,details/oy05148.jpg,details/oy05149.jpg,details/oy05150.jpg"
,,ALTERNATIVE STEREO,SUGAR CRUNCH BLUSHER,,6-Jun,11500,30-Jun,,101.25,https://image.oliveyoung.co.kr/cfimages/cf-goods/uploads/images/thumbnails/10/0000/0024/A00000024568709ko.jpg?l=ko&QT=85&SF=webp&sharpen=1x0.5,"details/oy05201.jpg,details/oy05202.jpg,details/oy05203.jpg,details/oy05204.jpg,details/oy05205.jpg,details/oy05206.jpg,details/oy05207.jpg,details/oy05208.jpg,details/oy05209.jpg,details/oy05210.jpg,details/oy05211.jpg,details/oy05212.jpg,details/oy05213.jpg,details/oy05214.jpg,details/oy05215.jpg,details/oy05216.jpg,details/oy05217.jpg,details/oy05218.jpg,details/oy05219.jpg,details/oy05220.jpg,details/oy05221.jpg,details/oy05222.jpg,details/oy05223.jpg,details/oy05224.jpg,details/oy05225.jpg,details/oy05226.jpg,details/oy05227.jpg,details/oy05228.jpg,details/oy05229.jpg,details/oy05230.jpg,details/oy05231.jpg,details/oy05232.jpg,details/oy05233.jpg,details/oy05234.jpg,details/oy05235.jpg,details/oy05236.jpg,details/oy05237.jpg,details/oy05238.jpg,details/oy05239.jpg,details/oy05240.jpg,details/oy05241.jpg,details/oy05242.jpg,details/oy05243.jpg,details/oy05244.jpg,details/oy05245.jpg,details/oy05246.jpg,details/oy05247.jpg,details/oy05248.jpg,details/oy05249.jpg,details/oy05250.jpg"
,,COLORGRAM,POCKET RING EYE SHADOWN PALETTE,,6-Jun,540,30-Jun,,19.05,https://image.oliveyoung.co.kr/cfimages/cf-goods/uploads/images/thumbnails/10/0000/0025/A00000025278811ko.jpg?l=ko&QT=85&SF=webp&sharpen=1x0.5,"details/oy05301.jpg,details/oy05302.jpg,details/oy05303.jpg,details/oy05304.jpg,details/oy05305.jpg,details/oy05306.jpg,details/oy05307.jpg,details/oy05308.jpg,details/oy05309.jpg,details/oy05310.jpg,details/oy05311.jpg,details/oy05312.jpg,details/oy05313.jpg,details/oy05314.jpg,details/oy05315.jpg,details/oy05316.jpg,details/oy05317.jpg,details/oy05318.jpg,details/oy05319.jpg,details/oy05320.jpg,details/oy05321.jpg,details/oy05322.jpg,details/oy05323.jpg,details/oy05324.jpg,details/oy05325.jpg,details/oy05326.jpg,details/oy05327.jpg,details/oy05328.jpg,details/oy05329.jpg,details/oy05330.jpg,details/oy05331.jpg,details/oy05332.jpg,details/oy05333.jpg,details/oy05334.jpg,details/oy05335.jpg,details/oy05336.jpg,details/oy05337.jpg,details/oy05338.jpg,details/oy05339.jpg,details/oy05340.jpg,details/oy05341.jpg,details/oy05342.jpg,details/oy05343.jpg,details/oy05344.jpg,details/oy05345.jpg,details/oy05346.jpg,details/oy05347.jpg,details/oy05348.jpg,details/oy05349.jpg,details/oy05350.jpg"
,,COLORGRAM,FRIUTY GLASS LIP SERUM,,6-Jun,390,30-Jun,,17.925,https://image.oliveyoung.co.kr/cfimages/cf-goods/uploads/images/thumbnails/10/0000/0024/A00000024758819ko.jpg?l=ko&QT=85&SF=webp&sharpen=1x0.5,"details/oy05401.jpg,details/oy05402.jpg,details/oy05403.jpg,details/oy05404.jpg,details/oy05405.jpg,details/oy05406.jpg,details/oy05407.jpg,details/oy05408.jpg,details/oy05409.jpg,details/oy05410.jpg,details/oy05411.jpg,details/oy05412.jpg,details/oy05413.jpg,details/oy05414.jpg,details/oy05415.jpg,details/oy05416.jpg,details/oy05417.jpg,details/oy05418.jpg,details/oy05419.jpg,details/oy05420.jpg,details/oy05421.jpg,details/oy05422.jpg,details/oy05423.jpg,details/oy05424.jpg,details/oy05425.jpg,details/oy05426.jpg,details/oy05427.jpg,details/oy05428.jpg,details/oy05429.jpg,details/oy05430.jpg,details/oy05431.jpg,details/oy05432.jpg,details/oy05433.jpg,details/oy05434.jpg,details/oy05435.jpg,details/oy05436.jpg,details/oy05437.jpg,details/oy05438.jpg,details/oy05439.jpg,details/oy05440.jpg,details/oy05441.jpg,details/oy05442.jpg,details/oy05443.jpg,details/oy05444.jpg,details/oy05445.jpg,details/oy05446.jpg,details/oy05447.jpg,details/oy05448.jpg,details/oy05449.jpg,details/oy05450.jpg"
,,COLORGRAM,TINTIN DORY COTTON BLUSHER,,6-Jun,350,30-Jun,,17.625,https://image.oliveyoung.co.kr/cfimages/cf-goods/uploads/images/thumbnails/10/0000/0022/A00000022868246ko.jpg?l=ko&QT=85&SF=webp&sharpen=1x0.5,"details/oy05501.jpg,details/oy05502.jpg,details/oy05503.jpg,details/oy05504.jpg,details/oy05505.jpg,details/oy05506.jpg,details/oy05507.jpg,details/oy05508.jpg,details/oy05509.jpg,details/oy05510.jpg,details/oy05511.jpg,details/oy05512.jpg,details/oy05513.jpg,details/oy05514.jpg,details/oy05515.jpg,details/oy05516.jpg,details/oy05517.jpg,details/oy05518.jpg,details/oy05519.jpg,details/oy05520.jpg,details/oy05521.jpg,details/oy05522.jpg,details/oy05523.jpg,details/oy05524.jpg,details/oy05525.jpg,details/oy05526.jpg,details/oy05527.jpg,details/oy05528.jpg,details/oy05529.jpg,details/oy05530.jpg,details/oy05531.jpg,details/oy05532.jpg,details/oy05533.jpg,details/oy05534.jpg,details/oy05535.jpg,details/oy05536.jpg,details/oy05537.jpg,details/oy05538.jpg,details/oy05539.jpg,details/oy05540.jpg,details/oy05541.jpg,details/oy05542.jpg,details/oy05543.jpg,details/oy05544.jpg,details/oy05545.jpg,details/oy05546.jpg,details/oy05547.jpg,details/oy05548.jpg,details/oy05549.jpg,details/oy05550.jpg"
,,COLORGRAM,NUDE BLUR TINT,,31-May,900,30-Jun,,21.75,https://image.oliveyoung.co.kr/cfimages/cf-goods/uploads/images/thumbnails/10/0000/0023/A00000023058186ko.jpg?l=ko&QT=85&SF=webp&sharpen=1x0.5,"details/oy05601.jpg,details/oy05602.jpg,details/oy05603.jpg,details/oy05604.jpg,details/oy05605.jpg,details/oy05606.jpg,details/oy05607.jpg,details/oy05608.jpg,details/oy05609.jpg,details/oy05610.jpg,details/oy05611.jpg,details/oy05612.jpg,details/oy05613.jpg,details/oy05614.jpg,details/oy05615.jpg,details/oy05616.jpg,details/oy05617.jpg,details/oy05618.jpg,details/oy05619.jpg,details/oy05620.jpg,details/oy05621.jpg,details/oy05622.jpg,details/oy05623.jpg,details/oy05624.jpg,details/oy05625.jpg,details/oy05626.jpg,details/oy05627.jpg,details/oy05628.jpg,details/oy05629.jpg,details/oy05630.jpg,details/oy05631.jpg,details/oy05632.jpg,details/oy05633.jpg,details/oy05634.jpg,details/oy05635.jpg,details/oy05636.jpg,details/oy05637.jpg,details/oy05638.jpg,details/oy05639.jpg,details/oy05640.jpg,details/oy05641.jpg,details/oy05642.jpg,details/oy05643.jpg,details/oy05644.jpg,details/oy05645.jpg,details/oy05646.jpg,details/oy05647.jpg,details/oy05648.jpg,details/oy05649.jpg,details/oy05650.jpg"
,,COLORGRAM,ALL IN ONE AEGYO-SAL MAKER,,6-Jun,390,30-Jun,,17.925,https://image.oliveyoung.co.kr/cfimages/cf-goods/uploads/images/thumbnails/10/0000/0015/A00000015906268ko.jpg?l=ko&QT=85&SF=webp&sharpen=1x0.5,"details/oy05701.jpg,details/oy05702.jpg,details/oy05703.jpg,details/oy05704.jpg,details/oy05705.jpg,details/oy05706.jpg,details/oy05707.jpg,details/oy05708.jpg,details/oy05709.jpg,details/oy05710.jpg,details/oy05711.jpg,details/oy05712.jpg,details/oy05713.jpg,details/oy05714.jpg,details/oy05715.jpg,details/oy05716.jpg,details/oy05717.jpg,details/oy05718.jpg,details/oy05719.jpg,details/oy05720.jpg,details/oy05721.jpg,details/oy05722.jpg,details/oy05723.jpg,details/oy05724.jpg,details/oy05725.jpg,details/oy05726.jpg,details/oy05727.jpg,details/oy05728.jpg,details/oy05729.jpg,details/oy05730.jpg,details/oy05731.jpg,details/oy05732.jpg,details/oy05733.jpg,details/oy05734.jpg,details/oy05735.jpg,details/oy05736.jpg,details/oy05737.jpg,details/oy05738.jpg,details/oy05739.jpg,details/oy05740.jpg,details/oy05741.jpg,details/oy05742.jpg,details/oy05743.jpg,details/oy05744.jpg,details/oy05745.jpg,details/oy05746.jpg,details/oy05747.jpg,details/oy05748.jpg,details/oy05749.jpg,details/oy05750.jpg"
,,COLORGRAM,ALL-IN-ONE OVERLIP MAKER,,6-Jun,610,30-Jun,,19.575,https://image.oliveyoung.co.kr/cfimages/cf-goods/uploads/images/thumbnails/10/0000/0017/A00000017843029ko.jpg?l=ko&QT=85&SF=webp&sharpen=1x0.5,"details/oy05801.jpg,details/oy05802.jpg,details/oy05803.jpg,details/oy05804.jpg,details/oy05805.jpg,details/oy05806.jpg,details/oy05807.jpg,details/oy05808.jpg,details/oy05809.jpg,details/oy05810.jpg,details/oy05811.jpg,details/oy05812.jpg,details/oy05813.jpg,details/oy05814.jpg,details/oy05815.jpg,details/oy05816.jpg,details/oy05817.jpg,details/oy05818.jpg,details/oy05819.jpg,details/oy05820.jpg,details/oy05821.jpg,details/oy05822.jpg,details/oy05823.jpg,details/oy05824.jpg,details/oy05825.jpg,details/oy05826.jpg,details/oy05827.jpg,details/oy05828.jpg,details/oy05829.jpg,details/oy05830.jpg,details/oy05831.jpg,details/oy05832.jpg,details/oy05833.jpg,details/oy05834.jpg,details/oy05835.jpg,details/oy05836.jpg,details/oy05837.jpg,details/oy05838.jpg,details/oy05839.jpg,details/oy05840.jpg,details/oy05841.jpg,details/oy05842.jpg,details/oy05843.jpg,details/oy05844.jpg,details/oy05845.jpg,details/oy05846.jpg,details/oy05847.jpg,details/oy05848.jpg,details/oy05849.jpg,details/oy05850.jpg"
,,COLORGRAM,FRUITY GLASS TINT,,6-Jun,610,30-Jun,,19.575,https://image.oliveyoung.co.kr/cfimages/cf-goods/uploads/images/thumbnails/10/0000/0022/A00000022167043ko.jpg?l=ko&QT=85&SF=webp&sharpen=1x0.5,"details/oy05901.jpg,details/oy05902.jpg,details/oy05903.jpg,details/oy05904.jpg,details/oy05905.jpg,details/oy05906.jpg,details/oy05907.jpg,details/oy05908.jpg,details/oy05909.jpg,details/oy05910.jpg,details/oy05911.jpg,details/oy05912.jpg,details/oy05913.jpg,details/oy05914.jpg,details/oy05915.jpg,details/oy05916.jpg,details/oy05917.jpg,details/oy05918.jpg,details/oy05919.jpg,details/oy05920.jpg,details/oy05921.jpg,details/oy05922.jpg,details/oy05923.jpg,details/oy05924.jpg,details/oy05925.jpg,details/oy05926.jpg,details/oy05927.jpg,details/oy05928.jpg,details/oy05929.jpg,details/oy05930.jpg,details/oy05931.jpg,details/oy05932.jpg,details/oy05933.jpg,details/oy05934.jpg,details/oy05935.jpg,details/oy05936.jpg,details/oy05937.jpg,details/oy05938.jpg,details/oy05939.jpg,details/oy05940.jpg,details/oy05941.jpg,details/oy05942.jpg,details/oy05943.jpg,details/oy05944.jpg,details/oy05945.jpg,details/oy05946.jpg,details/oy05947.jpg,details/oy05948.jpg,details/oy05949.jpg,details/oy05950.jpg"
,,COLORGRAM,GEEK NUDE COLOR COVER TINT,,6-Jun,610,30-Jun,,19.575,https://image.oliveyoung.co.kr/cfimages/cf-goods/uploads/images/thumbnails/10/0000/0024/A00000024567302ko.jpg?l=ko&QT=85&SF=webp&sharpen=1x0.5,"details/oy06001.jpg,details/oy06002.jpg,details/oy06003.jpg,details/oy06004.jpg,details/oy06005.jpg,details/oy06006.jpg,details/oy06007.jpg,details/oy06008.jpg,details/oy06009.jpg,details/oy06010.jpg,details/oy06011.jpg,details/oy06012.jpg,details/oy06013.jpg,details/oy06014.jpg,details/oy06015.jpg,details/oy06016.jpg,details/oy06017.jpg,details/oy06018.jpg,details/oy06019.jpg,details/oy06020.jpg,details/oy06021.jpg,details/oy06022.jpg,details/oy06023.jpg,details/oy06024.jpg,details/oy06025.jpg,details/oy06026.jpg,details/oy06027.jpg,details/oy06028.jpg,details/oy06029.jpg,details/oy06030.jpg,details/oy06031.jpg,details/oy06032.jpg,details/oy06033.jpg,details/oy06034.jpg,details/oy06035.jpg,details/oy06036.jpg,details/oy06037.jpg,details/oy06038.jpg,details/oy06039.jpg,details/oy06040.jpg,details/oy06041.jpg,details/oy06042.jpg,details/oy06043.jpg,details/oy06044.jpg,details/oy06045.jpg,details/oy06046.jpg,details/oy06047.jpg,details/oy06048.jpg,details/oy06049.jpg,details/oy06050.jpg"
,,COLORGRAM,FRUITY GLASS TINT DEEP TINT GLAZE,,6-Jun,610,30-Jun,,19.575,https://image.oliveyoung.co.kr/cfimages/cf-goods/uploads/images/thumbnails/10/0000/0024/A00000024510912ko.jpg?l=ko&QT=85&SF=webp&sharpen=1x0.5,"details/oy06101.jpg,details/oy06102.jpg,details/oy06103.jpg,details/oy06104.jpg,details/oy06105.jpg,details/oy06106.jpg,details/oy06107.jpg,details/oy06108.jpg,details/oy06109.jpg,details/oy06110.jpg,details/oy06111.jpg,details/oy06112.jpg,details/oy06113.jpg,details/oy06114.jpg,details/oy06115.jpg,details/oy06116.jpg,details/oy06117.jpg,details/oy06118.jpg,details/oy06119.jpg,details/oy06120.jpg,details/oy06121.jpg,details/oy06122.jpg,details/oy06123.jpg,details/oy06124.jpg,details/oy06125.jpg,details/oy06126.jpg,details/oy06127.jpg,details/oy06128.jpg,details/oy06129.jpg,details/oy06130.jpg,details/oy06131.jpg,details/oy06132.jpg,details/oy06133.jpg,details/oy06134.jpg,details/oy06135.jpg,details/oy06136.jpg,details/oy06137.jpg,details/oy06138.jpg,details/oy06139.jpg,details/oy06140.jpg,details/oy06141.jpg,details/oy06142.jpg,details/oy06143.jpg,details/oy06144.jpg,details/oy06145.jpg,details/oy06146.jpg,details/oy06147.jpg,details/oy06148.jpg,details/oy06149.jpg,details/oy06150.jpg"
,,COLORGRAM,NUDE BLUR TINT METAMONG SET,,6-Jun,2290,30-Jun,,32.175,https://image.oliveyoung.co.kr/cfimages/cf-goods/uploads/images/thumbnails/10/0000/0025/A00000025290412ko.jpg?l=ko&QT=85&SF=webp&sharpen=1x0.5,"details/oy06201.jpg,details/oy06202.jpg,details/oy06203.jpg,details/oy06204.jpg,details/oy06205.jpg,details/oy06206.jpg,details/oy06207.jpg,details/oy06208.jpg,details/oy06209.jpg,details/oy06210.jpg,details/oy06211.jpg,details/oy06212.jpg,details/oy06213.jpg,details/oy06214.jpg,details/oy06215.jpg,details/oy06216.jpg,details/oy06217.jpg,details/oy06218.jpg,details/oy06219.jpg,details/oy06220.jpg,details/oy06221.jpg,details/oy06222.jpg,details/oy06223.jpg,details/oy06224.jpg,details/oy06225.jpg,details/oy06226.jpg,details/oy06227.jpg,details/oy06228.jpg,details/oy06229.jpg,details/oy06230.jpg,details/oy06231.jpg,details/oy06232.jpg,details/oy06233.jpg,details/oy06234.jpg,details/oy06235.jpg,details/oy06236.jpg,details/oy06237.jpg,details/oy06238.jpg,details/oy06239.jpg,details/oy06240.jpg,details/oy06241.jpg,details/oy06242.jpg,details/oy06243.jpg,details/oy06244.jpg,details/oy06245.jpg,details/oy06246.jpg,details/oy06247.jpg,details/oy06248.jpg,details/oy06249.jpg,details/oy06250.jpg"
,,COLORGRAM,NUDE BLUR STICK,,6-Jun,390,31-Jul,,17.925,https://image.oliveyoung.co.kr/cfimages/cf-goods/uploads/images/thumbnails/10/0000/0025/A00000025278506ko.jpg?l=ko&QT=85&SF=webp&sharpen=1x0.5,"details/oy06301.png,details/oy06302.jpg,details/oy06303.jpg,details/oy06304.jpg,details/oy06305.jpg,details/oy06306.jpg,details/oy06307.jpg,details/oy06308.jpg,details/oy06309.jpg,details/oy06310.jpg,details/oy06311.jpg,details/oy06312.jpg,details/oy06313.jpg,details/oy06314.jpg,details/oy06315.jpg,details/oy06316.jpg,details/oy06317.jpg,details/oy06318.jpg,details/oy06319.jpg,details/oy06320.jpg,details/oy06321.jpg,details/oy06322.jpg,details/oy06323.jpg,details/oy06324.jpg,details/oy06325.jpg,details/oy06326.jpg,details/oy06327.jpg,details/oy06328.jpg,details/oy06329.jpg,details/oy06330.jpg,details/oy06331.jpg,details/oy06332.jpg,details/oy06333.jpg,details/oy06334.jpg,details/oy06335.jpg,details/oy06336.jpg,details/oy06337.jpg,details/oy06338.jpg,details/oy06339.jpg,details/oy06340.jpg,details/oy06341.jpg,details/oy06342.jpg,details/oy06343.jpg,details/oy06344.jpg,details/oy06345.jpg,details/oy06346.jpg,details/oy06347.jpg,details/oy06348.jpg,details/oy06349.jpg,details/oy06350.jpg"
,,COLORGRAM,RE-FORMING EASY SHADING DUO,,6-Jun,3440,30-Jun,,40.8,https://image.oliveyoung.co.kr/cfimages/cf-goods/uploads/images/thumbnails/10/0000/0024/A00000024488306ko.jpg?l=ko&QT=85&SF=webp&sharpen=1x0.5,"details/oy06401.jpg,details/oy06402.jpg,details/oy06403.jpg,details/oy06404.jpg,details/oy06405.jpg,details/oy06406.jpg,details/oy06407.jpg,details/oy06408.jpg,details/oy06409.jpg,details/oy06410.jpg,details/oy06411.jpg,details/oy06412.jpg,details/oy06413.jpg,details/oy06414.jpg,details/oy06415.jpg,details/oy06416.jpg,details/oy06417.jpg,details/oy06418.jpg,details/oy06419.jpg,details/oy06420.jpg,details/oy06421.jpg,details/oy06422.jpg,details/oy06423.jpg,details/oy06424.jpg,details/oy06425.jpg,details/oy06426.jpg,details/oy06427.jpg,details/oy06428.jpg,details/oy06429.jpg,details/oy06430.jpg,details/oy06431.jpg,details/oy06432.jpg,details/oy06433.jpg,details/oy06434.jpg,details/oy06435.jpg,details/oy06436.jpg,details/oy06437.jpg,details/oy06438.jpg,details/oy06439.jpg,details/oy06440.jpg,details/oy06441.jpg,details/oy06442.jpg,details/oy06443.jpg,details/oy06444.jpg,details/oy06445.jpg,details/oy06446.jpg,details/oy06447.jpg,details/oy06448.jpg,details/oy06449.jpg,details/oy06450.jpg"
,,ENTROPY,Slide Up Dough Cheek,,6-Jun,4880,30-Jun,,51.6,https://image.oliveyoung.co.kr/cfimages/cf-goods/uploads/images/thumbnails/10/0000/0024/A00000024004418ko.png?l=ko&QT=100&SF=webp&sharpen=1x0.5,"details/C04301.jpg,details/C04302.jpg,details/C04303.jpg,details/C04304.jpg,details/C04305.jpg,details/C04306.jpg,details/C04307.jpg,details/C04308.jpg,details/C04309.jpg,details/C04310.jpg,details/C04311.jpg,details/C04312.jpg,details/C04313.jpg,details/C04314.jpg,details/C04315.jpg,details/C04316.jpg,details/C04317.jpg,details/C04318.jpg,details/C04319.jpg,details/C04320.jpg,details/C04321.jpg,details/C04322.jpg,details/C04323.jpg,details/C04324.jpg,details/C04325.jpg,details/C04326.jpg,details/C04327.jpg,details/C04328.jpg,details/C04329.jpg,details/C04330.jpg,details/C04331.jpg,details/C04332.jpg,details/C04333.jpg,details/C04334.jpg,details/C04335.jpg,details/C04336.jpg,details/C04337.jpg,details/C04338.jpg,details/C04339.jpg,details/C04340.jpg,details/C04341.jpg,details/C04342.jpg,details/C04343.jpg,details/C04344.jpg,details/C04345.jpg,details/C04346.jpg,details/C04347.jpg,details/C04348.jpg,details/C04349.jpg,details/C04350.jpg"
,,ENTROPY,ENTROPY SLIDE-UP LIP& CHEEK SMOOTHIE EDITION,,6-Jun,1140,30-Jun,,23.55,https://image.oliveyoung.co.kr/cfimages/cf-goods/uploads/images/thumbnails/10/0000/0025/A00000025318010ko.png?l=ko&QT=100&SF=webp&sharpen=1x0.5,"details/oy06601.jpg,details/oy06602.jpg,details/oy06603.jpg,details/oy06604.jpg,details/oy06605.jpg,details/oy06606.jpg,details/oy06607.jpg,details/oy06608.jpg,details/oy06609.jpg,details/oy06610.jpg,details/oy06611.jpg,details/oy06612.jpg,details/oy06613.jpg,details/oy06614.jpg,details/oy06615.jpg,details/oy06616.jpg,details/oy06617.jpg,details/oy06618.jpg,details/oy06619.jpg,details/oy06620.jpg,details/oy06621.jpg,details/oy06622.jpg,details/oy06623.jpg,details/oy06624.jpg,details/oy06625.jpg,details/oy06626.jpg,details/oy06627.jpg,details/oy06628.jpg,details/oy06629.jpg,details/oy06630.jpg,details/oy06631.jpg,details/oy06632.jpg,details/oy06633.jpg,details/oy06634.jpg,details/oy06635.jpg,details/oy06636.jpg,details/oy06637.jpg,details/oy06638.jpg,details/oy06639.jpg,details/oy06640.jpg,details/oy06641.jpg,details/oy06642.jpg,details/oy06643.jpg,details/oy06644.jpg,details/oy06645.jpg,details/oy06646.jpg,details/oy06647.jpg,details/oy06648.jpg,details/oy06649.jpg,details/oy06650.jpg"
,,ENTROPY,CHARM TINT SMOOTHIE EDITION ,,6-Jun,1140,30-Jun,,23.55,https://image.oliveyoung.co.kr/cfimages/cf-goods/uploads/images/thumbnails/10/0000/0025/A00000025317808ko.png?l=ko&QT=100&SF=webp&sharpen=1x0.5,"details/oy06701.png,details/oy06702.png,details/oy06703.png,details/oy06704.png,details/oy06705.png,details/oy06706.png,details/oy06707.png,details/oy06708.png,details/oy06709.png,details/oy06710.png,details/oy06711.png,details/oy06712.png,details/oy06713.png,details/oy06714.png,details/oy06715.png,details/oy06716.png,details/oy06717.png,details/oy06718.png,details/oy06719.png,details/oy06720.png,details/oy06721.png,details/oy06722.png,details/oy06723.png,details/oy06724.png,details/oy06725.png,details/oy06726.png,details/oy06727.png,details/oy06728.png,details/oy06729.png,details/oy06730.png,details/oy06731.png,details/oy06732.png,details/oy06733.png,details/oy06734.png,details/oy06735.png,details/oy06736.png,details/oy06737.png,details/oy06738.png,details/oy06739.png,details/oy06740.png,details/oy06741.png,details/oy06742.png,details/oy06743.png,details/oy06744.png,details/oy06745.png,details/oy06746.png,details/oy06747.png,details/oy06748.png,details/oy06749.png,details/oy06750.png"
,,ENTROPY,CHARM TINT GLOSSY GEL LINE,,6-Jun,3250,30-Jun,,39.375,https://image.oliveyoung.co.kr/cfimages/cf-goods/uploads/images/thumbnails/10/0000/0021/A00000021675109ko.png?l=ko&QT=100&SF=webp&sharpen=1x0.5,"details/C04601.jpg,details/C04602.jpg,details/C04603.jpg,details/C04604.jpg,details/C04605.jpg,details/C04606.jpg,details/C04607.jpg,details/C04608.jpg,details/C04609.jpg,details/C04610.jpg,details/C04611.jpg,details/C04612.jpg,details/C04613.jpg,details/C04614.jpg,details/C04615.jpg,details/C04616.jpg,details/C04617.jpg,details/C04618.jpg,details/C04619.jpg,details/C04620.jpg,details/C04621.jpg,details/C04622.jpg,details/C04623.jpg,details/C04624.jpg,details/C04625.jpg,details/C04626.jpg,details/C04627.jpg,details/C04628.jpg,details/C04629.jpg,details/C04630.jpg,details/C04631.jpg,details/C04632.jpg,details/C04633.jpg,details/C04634.jpg,details/C04635.jpg,details/C04636.jpg,details/C04637.jpg,details/C04638.jpg,details/C04639.jpg,details/C04640.jpg,details/C04641.jpg,details/C04642.jpg,details/C04643.jpg,details/C04644.jpg,details/C04645.jpg,details/C04646.jpg,details/C04647.jpg,details/C04648.jpg,details/C04649.jpg,details/C04650.jpg"
,,ENTROPY,CHARM TINT BASE BLURRY LINE,,6-Jun,3250,30-Jun,,39.375,https://image.oliveyoung.co.kr/cfimages/cf-goods/uploads/images/thumbnails/10/0000/0021/A00000021675210ko.png?l=ko&QT=100&SF=webp&sharpen=1x0.5,"details/C04701.jpg,details/C04702.jpg,details/C04703.jpg,details/C04704.jpg,details/C04705.jpg,details/C04706.jpg,details/C04707.jpg,details/C04708.jpg,details/C04709.jpg,details/C04710.jpg,details/C04711.jpg,details/C04712.jpg,details/C04713.jpg,details/C04714.jpg,details/C04715.jpg,details/C04716.jpg,details/C04717.jpg,details/C04718.jpg,details/C04719.jpg,details/C04720.jpg,details/C04721.jpg,details/C04722.jpg,details/C04723.jpg,details/C04724.jpg,details/C04725.jpg,details/C04726.jpg,details/C04727.jpg,details/C04728.jpg,details/C04729.jpg,details/C04730.jpg,details/C04731.jpg,details/C04732.jpg,details/C04733.jpg,details/C04734.jpg,details/C04735.jpg,details/C04736.jpg,details/C04737.jpg,details/C04738.jpg,details/C04739.jpg,details/C04740.jpg,details/C04741.jpg,details/C04742.jpg,details/C04743.jpg,details/C04744.jpg,details/C04745.jpg,details/C04746.jpg,details/C04747.jpg,details/C04748.jpg,details/C04749.jpg,details/C04750.jpg"
,,ENTROPY,BROW BLEACH,,6-Jun,6840,30-Jun,,66.3,https://image.oliveyoung.co.kr/cfimages/cf-goods/uploads/images/thumbnails/10/0000/0018/A00000018122373ko.png?l=ko&QT=100&SF=webp&sharpen=1x0.5,"details/oy07101.png,details/oy07102.png,details/oy07103.png,details/oy07104.png,details/oy07105.png,details/oy07106.png,details/oy07107.png,details/oy07108.png,details/oy07109.png,details/oy07110.png,details/oy07111.png,details/oy07112.png,details/oy07113.png,details/oy07114.png,details/oy07115.png,details/oy07116.png,details/oy07117.png,details/oy07118.png,details/oy07119.png,details/oy07120.png,details/oy07121.png,details/oy07122.png,details/oy07123.png,details/oy07124.png,details/oy07125.png,details/oy07126.png,details/oy07127.png,details/oy07128.png,details/oy07129.png,details/oy07130.png,details/oy07131.png,details/oy07132.png,details/oy07133.png,details/oy07134.png,details/oy07135.png,details/oy07136.png,details/oy07137.png,details/oy07138.png,details/oy07139.png,details/oy07140.png,details/oy07141.png,details/oy07142.png,details/oy07143.png,details/oy07144.png,details/oy07145.png,details/oy07146.png,details/oy07147.png,details/oy07148.png,details/oy07149.png,details/oy07150.png,details/oy07151.png,details/oy07152.png,details/oy07153.png,details/oy07154.png,details/oy07155.png,details/oy07156.png,details/oy07157.png,details/oy07158.png,details/oy07159.png,details/oy07160.png,details/oy07161.png,details/oy07162.png,details/oy07163.png,details/oy07164.png,details/oy07165.png,details/oy07166.png,details/oy07167.png,details/oy07168.png,details/oy07169.png,details/oy07170.png,details/oy07171.png,details/oy07172.png,details/oy07173.png,details/oy07174.png,details/oy07175.png,details/oy07176.png,details/oy07177.png,details/oy07178.png,details/oy07179.png,details/oy07180.png"
,,FRESHIAN,[NEW COLOR] EGG LIKE CREAM BLUSH,,6-Jun,2800,31-May,,36,https://image.oliveyoung.co.kr/cfimages/cf-goods/uploads/images/thumbnails/10/0000/0021/A000000212749103ko.png?l=ko&QT=100&SF=webp&sharpen=1x0.5,"details/oy07201.jpg,details/oy07202.jpg,details/oy07203.jpg,details/oy07204.jpg,details/oy07205.jpg,details/oy07206.jpg,details/oy07207.jpg,details/oy07208.jpg,details/oy07209.jpg,details/oy07210.jpg,details/oy07211.jpg,details/oy07212.jpg,details/oy07213.jpg,details/oy07214.jpg,details/oy07215.jpg,details/oy07216.jpg,details/oy07217.jpg,details/oy07218.jpg,details/oy07219.jpg,details/oy07220.jpg,details/oy07221.jpg,details/oy07222.jpg,details/oy07223.jpg,details/oy07224.jpg,details/oy07225.jpg,details/oy07226.jpg,details/oy07227.jpg,details/oy07228.jpg,details/oy07229.jpg,details/oy07230.jpg,details/oy07231.jpg,details/oy07232.jpg,details/oy07233.jpg,details/oy07234.jpg,details/oy07235.jpg,details/oy07236.jpg,details/oy07237.jpg,details/oy07238.jpg,details/oy07239.jpg,details/oy07240.jpg,details/oy07241.jpg,details/oy07242.jpg,details/oy07243.jpg,details/oy07244.jpg,details/oy07245.jpg,details/oy07246.jpg,details/oy07247.jpg,details/oy07248.jpg,details/oy07249.jpg,details/oy07250.jpg"
,,FRESHIAN,Egglike Cushion SET,,6-Jun,3330,30-Jun,,39.975,https://image.oliveyoung.co.kr/cfimages/cf-goods/uploads/images/thumbnails/10/0000/0017/A00000017561542ko.jpg?l=ko&QT=85&SF=webp&sharpen=1x0.5,"details2/C05101.jpg,details2/C05102.jpg,details2/C05103.jpg,details2/C05104.jpg,details2/C05105.jpg,details2/C05106.jpg,details2/C05107.jpg,details2/C05108.jpg,details2/C05109.jpg,details2/C05110.jpg,details2/C05111.jpg,details2/C05112.jpg,details2/C05113.jpg,details2/C05114.jpg,details2/C05115.jpg,details2/C05116.jpg,details2/C05117.jpg,details2/C05118.jpg,details2/C05119.jpg,details2/C05120.jpg,details2/C05121.jpg,details2/C05122.jpg,details2/C05123.jpg,details2/C05124.jpg,details2/C05125.jpg,details2/C05126.jpg,details2/C05127.jpg,details2/C05128.jpg,details2/C05129.jpg,details2/C05130.jpg,details2/C05131.jpg,details2/C05132.jpg,details2/C05133.jpg,details2/C05134.jpg,details2/C05135.jpg,details2/C05136.jpg,details2/C05137.jpg,details2/C05138.jpg,details2/C05139.jpg,details2/C05140.jpg,details2/C05141.jpg,details2/C05142.jpg,details2/C05143.jpg,details2/C05144.jpg,details2/C05145.jpg,details2/C05146.jpg,details2/C05147.jpg,details2/C05148.jpg,details2/C05149.jpg,details2/C05150.jpg"
,,FRESHIAN,Pepta Serum Cushion Set,,6-Jun,1580,30-Jun,,26.85,https://image.oliveyoung.co.kr/cfimages/cf-goods/uploads/images/thumbnails/10/0000/0023/A00000023071540ko.jpg?l=ko&QT=85&SF=webp&sharpen=1x0.5,"details/C05201.jpg,details/C05202.jpg,details/C05203.jpg,details/C05204.jpg,details/C05205.jpg,details/C05206.jpg,details/C05207.jpg,details/C05208.jpg,details/C05209.jpg,details/C05210.jpg,details/C05211.jpg,details/C05212.jpg,details/C05213.jpg,details/C05214.jpg,details/C05215.jpg,details/C05216.jpg,details/C05217.jpg,details/C05218.jpg,details/C05219.jpg,details/C05220.jpg,details/C05221.jpg,details/C05222.jpg,details/C05223.jpg,details/C05224.jpg,details/C05225.jpg,details/C05226.jpg,details/C05227.jpg,details/C05228.jpg,details/C05229.jpg,details/C05230.jpg,details/C05231.jpg,details/C05232.jpg,details/C05233.jpg,details/C05234.jpg,details/C05235.jpg,details/C05236.jpg,details/C05237.jpg,details/C05238.jpg,details/C05239.jpg,details/C05240.jpg,details/C05241.jpg,details/C05242.jpg,details/C05243.jpg,details/C05244.jpg,details/C05245.jpg,details/C05246.jpg,details/C05247.jpg,details/C05248.jpg,details/C05249.jpg,details/C05250.jpg"
,,FRESHIAN,EGG-LIKE FOUNDATION MINI 8ML,,6-Jun,1330,30-Jun,,24.975,https://image.oliveyoung.co.kr/cfimages/cf-goods/uploads/images/thumbnails/10/0000/0022/A00000022524701ko.jpg?l=ko&QT=85&SF=webp&sharpen=1x0.5,"details/oy07501.jpg,details/oy07502.jpg,details/oy07503.jpg,details/oy07504.jpg,details/oy07505.jpg,details/oy07506.jpg,details/oy07507.jpg,details/oy07508.jpg,details/oy07509.jpg,details/oy07510.jpg,details/oy07511.jpg,details/oy07512.jpg,details/oy07513.jpg,details/oy07514.jpg,details/oy07515.jpg,details/oy07516.jpg,details/oy07517.jpg,details/oy07518.jpg,details/oy07519.jpg,details/oy07520.jpg,details/oy07521.jpg,details/oy07522.jpg,details/oy07523.jpg,details/oy07524.jpg,details/oy07525.jpg,details/oy07526.jpg,details/oy07527.jpg,details/oy07528.jpg,details/oy07529.jpg,details/oy07530.jpg,details/oy07531.jpg,details/oy07532.jpg,details/oy07533.jpg,details/oy07534.jpg,details/oy07535.jpg,details/oy07536.jpg,details/oy07537.jpg,details/oy07538.jpg,details/oy07539.jpg,details/oy07540.jpg,details/oy07541.jpg,details/oy07542.jpg,details/oy07543.jpg,details/oy07544.jpg,details/oy07545.jpg,details/oy07546.jpg,details/oy07547.jpg,details/oy07548.jpg,details/oy07549.jpg,details/oy07550.jpg"
,,FRESHIAN,[NEW COLOR] Sensual Vegan Lip Balm,,6-Jun,2520,30-Jun,,33.9,https://image.oliveyoung.co.kr/cfimages/cf-goods/uploads/images/thumbnails/10/0000/0017/A00000017565916ko.png?l=ko&QT=100&SF=webp&sharpen=1x0.5,"details/oy07601.jpg,details/oy07602.jpg,details/oy07603.jpg,details/oy07604.jpg,details/oy07605.jpg,details/oy07606.jpg,details/oy07607.jpg,details/oy07608.jpg,details/oy07609.jpg,details/oy07610.jpg,details/oy07611.jpg,details/oy07612.jpg,details/oy07613.jpg,details/oy07614.jpg,details/oy07615.jpg,details/oy07616.jpg,details/oy07617.jpg,details/oy07618.jpg,details/oy07619.jpg,details/oy07620.jpg,details/oy07621.jpg,details/oy07622.jpg,details/oy07623.jpg,details/oy07624.jpg,details/oy07625.jpg,details/oy07626.jpg,details/oy07627.jpg,details/oy07628.jpg,details/oy07629.jpg,details/oy07630.jpg,details/oy07631.jpg,details/oy07632.jpg,details/oy07633.jpg,details/oy07634.jpg,details/oy07635.jpg,details/oy07636.jpg,details/oy07637.jpg,details/oy07638.jpg,details/oy07639.jpg,details/oy07640.jpg,details/oy07641.jpg,details/oy07642.jpg,details/oy07643.jpg,details/oy07644.jpg,details/oy07645.jpg,details/oy07646.jpg,details/oy07647.jpg,details/oy07648.jpg,details/oy07649.jpg,details/oy07650.jpg"
,,FRESHIAN,Glutathione Prep Primer 40g,,6-Jun,1440,30-Jun,,25.8,https://image.oliveyoung.co.kr/cfimages/cf-goods/uploads/images/thumbnails/10/0000/0023/A00000023505706ko.jpg?l=ko&QT=85&SF=webp&sharpen=1x0.5,"details2/C0551.jpg,details2/C0552.jpg,details2/C0553.gif,details2/C0554.jpg,details2/C0555.gif,details2/C0556.jpg,details2/C0557.gif,details2/C0558.jpg,details2/C0559.jpg,details2/C05510.jpg,details2/C05511.jpg,details2/C05512.jpg,details2/C05513.jpg,details2/C05514.jpg,details2/C05515.jpg,details2/C05516.jpg,details2/C05517.jpg,details2/C05518.jpg,details2/C05519.jpg,details2/C05520.jpg,details2/C05521.jpg,details2/C05522.jpg,details2/C05523.jpg,details2/C05524.jpg,details2/C05525.jpg,details2/C05526.jpg,details2/C05527.jpg,details2/C05528.jpg,details2/C05529.jpg,details2/C05530.jpg,details2/C05531.jpg,details2/C05532.jpg,details2/C05533.jpg,details2/C05534.jpg,details2/C05535.jpg,details2/C05536.jpg,details2/C05537.jpg,details2/C05538.jpg,details2/C05539.jpg,details2/C05540.jpg,details2/C05541.jpg,details2/C05542.jpg,details2/C05543.jpg,details2/C05544.jpg,details2/C05545.jpg,details2/C05546.jpg,details2/C05547.jpg,details2/C05548.jpg,details2/C05549.jpg,details2/C05550.jpg"
,,GLINT,BAKED BLUSH,,6-Jun,5970,30-Jun,,59.775,https://image.oliveyoung.co.kr/cfimages/cf-goods/uploads/images/thumbnails/10/0000/0018/A000000188442139ko.png?l=ko&QT=100&SF=webp&sharpen=1x0.5,"details2/oy07801.jpg,details2/oy07802.jpg,details2/oy07803.jpg,details/oy07804.jpg,details/oy07805.jpg,details/oy07806.jpg,details/oy07807.jpg,details/oy07808.jpg,details/oy07809.jpg,details/oy07810.jpg,details/oy07811.jpg,details/oy07812.jpg,details/oy07813.jpg,details/oy07814.jpg,details/oy07815.jpg,details/oy07816.jpg,details/oy07817.jpg,details/oy07818.jpg,details/oy07819.jpg,details/oy07820.jpg,details/oy07821.jpg,details/oy07822.jpg,details/oy07823.jpg,details/oy07824.jpg,details/oy07825.jpg,details/oy07826.jpg,details/oy07827.jpg,details/oy07828.jpg,details/oy07829.jpg,details/oy07830.jpg,details/oy07831.jpg,details/oy07832.jpg,details/oy07833.jpg,details/oy07834.jpg,details/oy07835.jpg,details/oy07836.jpg,details/oy07837.jpg,details/oy07838.jpg,details/oy07839.jpg,details/oy07840.jpg,details/oy07841.jpg,details/oy07842.jpg,details/oy07843.jpg,details/oy07844.jpg,details/oy07845.jpg,details/oy07846.jpg,details/oy07847.jpg,details/oy07848.jpg,details/oy07849.jpg,details/oy07850.jpg"
,,GLINT,STICK HIGHLIGHTER,,6-Jun,7980,30-Jun,,74.85,https://image.oliveyoung.co.kr/cfimages/cf-goods/uploads/images/thumbnails/10/0000/0016/A00000016121468ko.jpg?l=ko&QT=85&SF=webp&sharpen=1x0.5,"details2/C0721.webp,details2/C0722.webp,details/C0723.webp,details/C0724.webp,details/C0725.webp,details/C0726.webp,details/C0727.webp,details/C0728.webp,details/C0729.webp,details/C07210.webp"
,,GLINT,GLINT.TOO SHINY,,6-Jun,580,30-Jun,,19.35,https://image.oliveyoung.co.kr/cfimages/cf-goods/uploads/images/thumbnails/10/0000/0023/A00000023413933ko.png?l=ko&QT=100&SF=webp&sharpen=1x0.5,"details2/oy08001.jpg,details2/oy08002.jpg,details2/oy08003.jpg,details/oy08004.jpg,details/oy08005.jpg,details/oy08006.jpg,details/oy08007.jpg,details/oy08008.jpg,details/oy08009.jpg,details/oy08010.jpg,details/oy08011.jpg,details/oy08012.jpg,details/oy08013.jpg,details/oy08014.jpg,details/oy08015.jpg,details/oy08016.jpg,details/oy08017.jpg,details/oy08018.jpg,details/oy08019.jpg,details/oy08020.jpg,details/oy08021.jpg,details/oy08022.jpg,details/oy08023.jpg,details/oy08024.jpg,details/oy08025.jpg,details/oy08026.jpg,details/oy08027.jpg,details/oy08028.jpg,details/oy08029.jpg,details/oy08030.jpg,details/oy08031.jpg,details/oy08032.jpg,details/oy08033.jpg,details/oy08034.jpg,details/oy08035.jpg,details/oy08036.jpg,details/oy08037.jpg,details/oy08038.jpg,details/oy08039.jpg,details/oy08040.jpg,details/oy08041.jpg,details/oy08042.jpg,details/oy08043.jpg,details/oy08044.jpg,details/oy08045.jpg,details/oy08046.jpg,details/oy08047.jpg,details/oy08048.jpg,details/oy08049.jpg,details/oy08050.jpg"
,,GLINT,HIGHLIGHTER,,6-Jun,580,30-Jun,,19.35,https://image.oliveyoung.co.kr/cfimages/cf-goods/uploads/images/thumbnails/10/0000/0017/A000000176088140ko.png?l=ko&QT=100&SF=webp&sharpen=1x0.5,"details2/oy08101.jpg,details2/oy08102.jpg,details2/oy08103.jpg,details/oy08104.jpg,details/oy08105.jpg,details/oy08106.jpg,details/oy08107.jpg,details/oy08108.jpg,details/oy08109.jpg,details/oy08110.jpg,details/oy08111.jpg,details/oy08112.jpg,details/oy08113.jpg,details/oy08114.jpg,details/oy08115.jpg,details/oy08116.jpg,details/oy08117.jpg,details/oy08118.jpg,details/oy08119.jpg,details/oy08120.jpg,details/oy08121.jpg,details/oy08122.jpg,details/oy08123.jpg,details/oy08124.jpg,details/oy08125.jpg,details/oy08126.jpg,details/oy08127.jpg,details/oy08128.jpg,details/oy08129.jpg,details/oy08130.jpg,details/oy08131.jpg,details/oy08132.jpg,details/oy08133.jpg,details/oy08134.jpg,details/oy08135.jpg,details/oy08136.jpg,details/oy08137.jpg,details/oy08138.jpg,details/oy08139.jpg,details/oy08140.jpg,details/oy08141.jpg,details/oy08142.jpg,details/oy08143.jpg,details/oy08144.jpg,details/oy08145.jpg,details/oy08146.jpg,details/oy08147.jpg,details/oy08148.jpg,details/oy08149.jpg,details/oy08150.jpg"
,,RISKY,[NEW COLOR] PIGMENT EYESHADOW PALETTE,,6-Jun,4440,30-Jun,,48.3,https://image.oliveyoung.co.kr/cfimages/cf-goods/uploads/images/thumbnails/10/0000/0023/A00000023330550ko.jpg?l=ko&QT=85&SF=webp&sharpen=1x0.5,"details2/oy09401.jpg,details2/oy09402.jpg,details2/oy09403.jpg,details2/oy09404.jpg,details2/oy09405.jpg,details2/oy09406.jpg,details2/oy09407.jpg,details2/oy09408.jpg,details2/oy09409.jpg,details2/oy09410.jpg,details2/oy09411.jpg,details2/oy09412.jpg,details2/oy09413.jpg,details2/oy09414.jpg,details2/oy09415.jpg,details2/oy09416.jpg,details2/oy09417.jpg,details2/oy09418.jpg,details2/oy09419.jpg,details2/oy09420.jpg,details2/oy09421.jpg,details2/oy09422.jpg,details2/oy09423.jpg,details2/oy09424.jpg,details2/oy09425.jpg,details2/oy09426.jpg,details2/oy09427.jpg,details2/oy09428.jpg,details2/oy09429.jpg,details2/oy09430.jpg,details2/oy09431.jpg,details2/oy09432.jpg,details2/oy09433.jpg,details2/oy09434.jpg,details2/oy09435.jpg,details2/oy09436.jpg,details2/oy09437.jpg,details2/oy09438.jpg,details2/oy09439.jpg,details2/oy09440.jpg,details2/oy09441.jpg,details2/oy09442.jpg,details2/oy09443.jpg,details2/oy09444.jpg,details2/oy09445.jpg,details2/oy09446.jpg,details2/oy09447.jpg,details2/oy09448.jpg,details2/oy09449.jpg,details2/oy09450.jpg,details2/oy09451.jpg,details2/oy09452.jpg,details2/oy09453.jpg,details2/oy09454.jpg,details2/oy09455.jpg,details2/oy09456.jpg,details2/oy09457.jpg,details2/oy09458.jpg,details2/oy09459.jpg,details2/oy09460.jpg,details2/oy09461.jpg,details2/oy09462.jpg,details2/oy09463.jpg,details2/oy09464.jpg,details2/oy09465.jpg,details2/oy09466.jpg,details2/oy09467.jpg,details2/oy09468.jpg,details2/oy09469.jpg,details2/oy09470.jpg,details2/oy09471.jpg,details2/oy09472.jpg,details2/oy09473.jpg,details2/oy09474.jpg,details2/oy09475.jpg,details2/oy09476.jpg,details2/oy09477.jpg,details2/oy09478.jpg,details2/oy09479.jpg,details2/oy09480.jpg"
,,RISKY,[NEW COLOR] BE BOLD LIP GLOSS,,6-Jun,1670,30-Jun,,27.525,https://image.oliveyoung.co.kr/cfimages/cf-goods/uploads/images/thumbnails/10/0000/0023/A00000023311540ko.jpg?l=ko&QT=85&SF=webp&sharpen=1x0.5,"details2/oy09501.jpg,details2/oy09502.jpg,details2/oy09503.jpg,details2/oy09504.jpg,details2/oy09505.jpg,details2/oy09506.jpg,details2/oy09507.jpg,details2/oy09508.jpg,details2/oy09509.jpg,details2/oy09510.jpg,details2/oy09511.jpg,details2/oy09512.jpg,details2/oy09513.jpg,details2/oy09514.jpg,details2/oy09515.jpg,details2/oy09516.jpg,details2/oy09517.jpg,details2/oy09518.jpg,details2/oy09519.jpg,details2/oy09520.jpg,details2/oy09521.jpg,details2/oy09522.jpg,details2/oy09523.jpg,details2/oy09524.jpg,details2/oy09525.jpg,details2/oy09526.jpg,details2/oy09527.jpg,details2/oy09528.jpg,details2/oy09529.jpg,details2/oy09530.jpg,details2/oy09531.jpg,details2/oy09532.jpg,details2/oy09533.jpg,details2/oy09534.jpg,details2/oy09535.jpg,details2/oy09536.jpg,details2/oy09537.jpg,details2/oy09538.jpg,details2/oy09539.jpg,details2/oy09540.jpg,details2/oy09541.jpg,details2/oy09542.jpg,details2/oy09543.jpg,details2/oy09544.jpg,details2/oy09545.jpg,details2/oy09546.jpg,details2/oy09547.jpg,details2/oy09548.jpg,details2/oy09549.jpg,details2/oy09550.jpg,details2/oy09551.jpg,details2/oy09552.jpg,details2/oy09553.jpg,details2/oy09554.jpg,details2/oy09555.jpg,details2/oy09556.jpg,details2/oy09557.jpg,details2/oy09558.jpg,details2/oy09559.jpg,details2/oy09560.jpg,details2/oy09561.jpg,details2/oy09562.jpg,details2/oy09563.jpg,details2/oy09564.jpg,details2/oy09565.jpg,details2/oy09566.jpg,details2/oy09567.jpg,details2/oy09568.jpg,details2/oy09569.jpg,details2/oy09570.jpg,details2/oy09571.jpg,details2/oy09572.jpg,details2/oy09573.jpg,details2/oy09574.jpg,details2/oy09575.jpg,details2/oy09576.jpg,details2/oy09577.jpg,details2/oy09578.jpg,details2/oy09579.jpg,details2/oy09580.jpg"
,,RISKY,BE BOLD LIP BLUSHED,,6-Jun,1670,30-Jun,,27.525,https://image.oliveyoung.co.kr/cfimages/cf-goods/uploads/images/thumbnails/10/0000/0023/A00000023280601ko.jpg?l=ko&QT=85&SF=webp&sharpen=1x0.5,"details2/oy09601.jpg,details2/oy09602.jpg,details2/oy09603.jpg,details2/oy09604.jpg,details2/oy09605.jpg,details2/oy09606.jpg,details2/oy09607.jpg,details2/oy09608.jpg,details2/oy09609.jpg,details2/oy09610.jpg,details2/oy09611.jpg,details2/oy09612.jpg,details2/oy09613.jpg,details2/oy09614.jpg,details2/oy09615.jpg,details2/oy09616.jpg,details2/oy09617.jpg,details2/oy09618.jpg,details2/oy09619.jpg,details2/oy09620.jpg,details2/oy09621.jpg,details2/oy09622.jpg,details2/oy09623.jpg,details2/oy09624.jpg,details2/oy09625.jpg,details2/oy09626.jpg,details2/oy09627.jpg,details2/oy09628.jpg,details2/oy09629.jpg,details2/oy09630.jpg,details2/oy09631.jpg,details2/oy09632.jpg,details2/oy09633.jpg,details2/oy09634.jpg,details2/oy09635.jpg,details2/oy09636.jpg,details2/oy09637.jpg,details2/oy09638.jpg,details2/oy09639.jpg,details2/oy09640.jpg,details2/oy09641.jpg,details2/oy09642.jpg,details2/oy09643.jpg,details2/oy09644.jpg,details2/oy09645.jpg,details2/oy09646.jpg,details2/oy09647.jpg,details2/oy09648.jpg,details2/oy09649.jpg,details2/oy09650.jpg,details2/oy09651.jpg,details2/oy09652.jpg,details2/oy09653.jpg,details2/oy09654.jpg,details2/oy09655.jpg,details2/oy09656.jpg,details2/oy09657.jpg,details2/oy09658.jpg,details2/oy09659.jpg,details2/oy09660.jpg,details2/oy09661.jpg,details2/oy09662.jpg,details2/oy09663.jpg,details2/oy09664.jpg,details2/oy09665.jpg,details2/oy09666.jpg,details2/oy09667.jpg,details2/oy09668.jpg,details2/oy09669.jpg,details2/oy09670.jpg,details2/oy09671.jpg,details2/oy09672.jpg,details2/oy09673.jpg,details2/oy09674.jpg,details2/oy09675.jpg,details2/oy09676.jpg,details2/oy09677.jpg,details2/oy09678.jpg,details2/oy09679.jpg,details2/oy09680.jpg"
,,LOSY KIM,PDRN TINTED LIP AMPOULE,,6-Jun,2450,30-Jun,,33.375,https://image.oliveyoung.co.kr/cfimages/cf-goods/uploads/images/thumbnails/10/0000/0024/A00000024353566ko.jpg?l=ko&QT=85&SF=webp&sharpen=1x0.5,"details2/oy09701.jpg,details2/oy09702.jpg,details2/oy09703.jpg,details2/oy09704.jpg,details2/oy09705.jpg,details2/oy09706.jpg,details2/oy09707.jpg,details2/oy09708.jpg,details2/oy09709.jpg,details2/oy09710.jpg,details2/oy09711.jpg,details2/oy09712.jpg,details2/oy09713.jpg,details2/oy09714.jpg,details2/oy09715.jpg,details2/oy09716.jpg,details2/oy09717.jpg,details2/oy09718.jpg,details2/oy09719.jpg,details2/oy09720.jpg,details2/oy09721.jpg,details2/oy09722.jpg,details2/oy09723.jpg,details2/oy09724.jpg,details2/oy09725.jpg,details2/oy09726.jpg,details2/oy09727.jpg,details2/oy09728.jpg,details2/oy09729.jpg,details2/oy09730.jpg,details2/oy09731.jpg,details2/oy09732.jpg,details2/oy09733.jpg,details2/oy09734.jpg,details2/oy09735.jpg,details2/oy09736.jpg,details2/oy09737.jpg,details2/oy09738.jpg,details2/oy09739.jpg,details2/oy09740.jpg,details2/oy09741.jpg,details2/oy09742.jpg,details2/oy09743.jpg,details2/oy09744.jpg,details2/oy09745.jpg,details2/oy09746.jpg,details2/oy09747.jpg,details2/oy09748.jpg,details2/oy09749.jpg,details2/oy09750.jpg,details2/oy09751.jpg,details2/oy09752.jpg,details2/oy09753.jpg,details2/oy09754.jpg,details2/oy09755.jpg,details2/oy09756.jpg,details2/oy09757.jpg,details2/oy09758.jpg,details2/oy09759.jpg,details2/oy09760.jpg,details2/oy09761.jpg,details2/oy09762.jpg,details2/oy09763.jpg,details2/oy09764.jpg,details2/oy09765.jpg,details2/oy09766.jpg,details2/oy09767.jpg,details2/oy09768.jpg,details2/oy09769.jpg,details2/oy09770.jpg,details2/oy09771.jpg,details2/oy09772.jpg,details2/oy09773.jpg,details2/oy09774.jpg,details2/oy09775.jpg,details2/oy09776.jpg,details2/oy09777.jpg,details2/oy09778.jpg,details2/oy09779.jpg,details2/oy09780.jpg"
,,LOSY KIM,LIP PREP & SHIMMER ENHANCER,,6-Jun,700,31-Jul,,20.25,https://image.oliveyoung.co.kr/cfimages/cf-goods/uploads/images/thumbnails/10/0000/0024/A00000024354208ko.jpg?l=ko&QT=85&SF=webp&sharpen=1x0.5,"details2/oy09801.jpg,details2/oy09802.jpg,details2/oy09803.jpg,details2/oy09804.jpg,details2/oy09805.jpg,details2/oy09806.jpg,details2/oy09807.jpg,details2/oy09808.jpg,details2/oy09809.jpg,details2/oy09810.jpg,details2/oy09811.jpg,details2/oy09812.jpg,details2/oy09813.jpg,details2/oy09814.jpg,details2/oy09815.jpg,details2/oy09816.jpg,details2/oy09817.jpg,details2/oy09818.jpg,details2/oy09819.jpg,details2/oy09820.jpg,details2/oy09821.jpg,details2/oy09822.jpg,details2/oy09823.jpg,details2/oy09824.jpg,details2/oy09825.jpg,details2/oy09826.jpg,details2/oy09827.jpg,details2/oy09828.jpg,details2/oy09829.jpg,details2/oy09830.jpg,details2/oy09831.jpg,details2/oy09832.jpg,details2/oy09833.jpg,details2/oy09834.jpg,details2/oy09835.jpg,details2/oy09836.jpg,details2/oy09837.jpg,details2/oy09838.jpg,details2/oy09839.jpg,details2/oy09840.jpg,details2/oy09841.jpg,details2/oy09842.jpg,details2/oy09843.jpg,details2/oy09844.jpg,details2/oy09845.jpg,details2/oy09846.jpg,details2/oy09847.jpg,details2/oy09848.jpg,details2/oy09849.jpg,details2/oy09850.jpg,details2/oy09851.jpg,details2/oy09852.jpg,details2/oy09853.jpg,details2/oy09854.jpg,details2/oy09855.jpg,details2/oy09856.jpg,details2/oy09857.jpg,details2/oy09858.jpg,details2/oy09859.jpg,details2/oy09860.jpg,details2/oy09861.jpg,details2/oy09862.jpg,details2/oy09863.jpg,details2/oy09864.jpg,details2/oy09865.jpg,details2/oy09866.jpg,details2/oy09867.jpg,details2/oy09868.jpg,details2/oy09869.jpg,details2/oy09870.jpg,details2/oy09871.jpg,details2/oy09872.jpg,details2/oy09873.jpg,details2/oy09874.jpg,details2/oy09875.jpg,details2/oy09876.jpg,details2/oy09877.jpg,details2/oy09878.jpg,details2/oy09879.jpg,details2/oy09880.jpg"
,,TOOQ,SATIN DOHWA BALM ,,6-Jun,4850,30-Jun,,51.375,https://image.oliveyoung.co.kr/cfimages/cf-goods/uploads/images/thumbnails/10/0000/0022/A00000022752136ko.jpg?l=ko&QT=85&SF=webp&sharpen=1x0.5,"details2/oy09901.jpg,details2/oy09902.jpg,details2/oy09903.jpg,details2/oy09904.jpg,details2/oy09905.jpg,details2/oy09906.jpg,details2/oy09907.jpg,details2/oy09908.jpg,details2/oy09909.jpg,details2/oy09910.jpg,details2/oy09911.jpg,details2/oy09912.jpg,details2/oy09913.jpg,details2/oy09914.jpg,details2/oy09915.jpg,details2/oy09916.jpg,details2/oy09917.jpg,details2/oy09918.jpg,details2/oy09919.jpg,details2/oy09920.jpg,details2/oy09921.jpg,details2/oy09922.jpg,details2/oy09923.jpg,details2/oy09924.jpg,details2/oy09925.jpg,details2/oy09926.jpg,details2/oy09927.jpg,details2/oy09928.jpg,details2/oy09929.jpg,details2/oy09930.jpg,details2/oy09931.jpg,details2/oy09932.jpg,details2/oy09933.jpg,details2/oy09934.jpg,details2/oy09935.jpg,details2/oy09936.jpg,details2/oy09937.jpg,details2/oy09938.jpg,details2/oy09939.jpg,details2/oy09940.jpg,details2/oy09941.jpg,details2/oy09942.jpg,details2/oy09943.jpg,details2/oy09944.jpg,details2/oy09945.jpg,details2/oy09946.jpg,details2/oy09947.jpg,details2/oy09948.jpg,details2/oy09949.jpg,details2/oy09950.jpg,details2/oy09951.jpg,details2/oy09952.jpg,details2/oy09953.jpg,details2/oy09954.jpg,details2/oy09955.jpg,details2/oy09956.jpg,details2/oy09957.jpg,details2/oy09958.jpg,details2/oy09959.jpg,details2/oy09960.jpg,details2/oy09961.jpg,details2/oy09962.jpg,details2/oy09963.jpg,details2/oy09964.jpg,details2/oy09965.jpg,details2/oy09966.jpg,details2/oy09967.jpg,details2/oy09968.jpg,details2/oy09969.jpg,details2/oy09970.jpg,details2/oy09971.jpg,details2/oy09972.jpg,details2/oy09973.jpg,details2/oy09974.jpg,details2/oy09975.jpg,details2/oy09976.jpg,details2/oy09977.jpg,details2/oy09978.jpg,details2/oy09979.jpg,details2/oy09980.jpg"
,,TOOQ,WITHOUT MIRROR LIP TINT,,6-Jun,1670,30-Jun,,27.525,https://image.oliveyoung.co.kr/cfimages/cf-goods/uploads/images/thumbnails/10/0000/0021/A00000021136726ko.jpg?l=ko&QT=85&SF=webp&sharpen=1x0.5,"details2/oy10001.jpg,details2/oy10002.jpg,details2/oy10003.jpg,details2/oy10004.jpg,details2/oy10005.jpg,details2/oy10006.jpg,details2/oy10007.jpg,details2/oy10008.jpg,details2/oy10009.jpg,details2/oy10010.jpg,details2/oy10011.jpg,details2/oy10012.jpg,details2/oy10013.jpg,details2/oy10014.jpg,details2/oy10015.jpg,details2/oy10016.jpg,details2/oy10017.jpg,details2/oy10018.jpg,details2/oy10019.jpg,details2/oy10020.jpg,details2/oy10021.jpg,details2/oy10022.jpg,details2/oy10023.jpg,details2/oy10024.jpg,details2/oy10025.jpg,details2/oy10026.jpg,details2/oy10027.jpg,details2/oy10028.jpg,details2/oy10029.jpg,details2/oy10030.jpg,details2/oy10031.jpg,details2/oy10032.jpg,details2/oy10033.jpg,details2/oy10034.jpg,details2/oy10035.jpg,details2/oy10036.jpg,details2/oy10037.jpg,details2/oy10038.jpg,details2/oy10039.jpg,details2/oy10040.jpg,details2/oy10041.jpg,details2/oy10042.jpg,details2/oy10043.jpg,details2/oy10044.jpg,details2/oy10045.jpg,details2/oy10046.jpg,details2/oy10047.jpg,details2/oy10048.jpg,details2/oy10049.jpg,details2/oy10050.jpg,details2/oy10051.jpg,details2/oy10052.jpg,details2/oy10053.jpg,details2/oy10054.jpg,details2/oy10055.jpg,details2/oy10056.jpg,details2/oy10057.jpg,details2/oy10058.jpg,details2/oy10059.jpg,details2/oy10060.jpg,details2/oy10061.jpg,details2/oy10062.jpg,details2/oy10063.jpg,details2/oy10064.jpg,details2/oy10065.jpg,details2/oy10066.jpg,details2/oy10067.jpg,details2/oy10068.jpg,details2/oy10069.jpg,details2/oy10070.jpg,details2/oy10071.jpg,details2/oy10072.jpg,details2/oy10073.jpg,details2/oy10074.jpg,details2/oy10075.jpg,details2/oy10076.jpg,details2/oy10077.jpg,details2/oy10078.jpg,details2/oy10079.jpg,details2/oy10080.jpg"
,,TOOQ,NEW CLASSIC VELVET LIP TINT,,6-Jun,5620,30-Jun,,57.15,https://image.oliveyoung.co.kr/cfimages/cf-goods/uploads/images/thumbnails/10/0000/0021/A00000021137001ko.jpg?l=ko&QT=85&SF=webp&sharpen=1x0.5,"details2/C09501.webp,details2/C09502.jpg,details2/C09503.webp,details2/C09504.jpg,details2/C09505.webp,details2/C09506.jpg,details2/C09507.webp,details2/C09508.jpg,details2/C09509.webp,details2/C09510.jpg,details2/C09511.webp,details2/C09512.jpg,details2/C09513.webp,details2/C09514.jpg,details2/C09515.webp,details2/C09516.jpg,details2/C09517.webp,details2/C09518.jpg,details2/C09519.webp,details2/C09520.jpg,details2/C09521.webp,details2/C09522.jpg,details2/C09523.webp,details2/C09524.jpg,details2/C09525.webp,details2/C09526.jpg,details2/C09527.webp,details2/C09528.jpg,details2/C09529.webp,details2/C09530.jpg,details2/C09531.webp,details2/C09532.jpg,details2/C09533.webp,details2/C09534.jpg,details2/C09535.webp,details2/C09536.jpg,details2/C09537.webp,details2/C09538.jpg,details2/C09539.webp,details2/C09540.jpg,details2/C09541.webp,details2/C09542.jpg,details2/C09543.webp,details2/C09544.jpg,details2/C09545.webp,details2/C09546.jpg,details2/C09547.webp,details2/C09548.jpg,details2/C09549.webp,details2/C09550.jpg"
,,TOOQ,VOLUME GLAZE SYRUP,,6-Jun,940,30-Jun,,22.05,https://image.oliveyoung.co.kr/cfimages/cf-goods/uploads/images/thumbnails/10/0000/0024/A00000024852908ko.jpg?l=ko&QT=85&SF=webp&sharpen=1x0.5,"details2/oy10201.jpg,details2/oy10202.jpg,details2/oy10203.jpg,details2/oy10204.jpg,details2/oy10205.jpg,details2/oy10206.jpg,details2/oy10207.jpg,details2/oy10208.jpg,details2/oy10209.jpg,details2/oy10210.jpg,details2/oy10211.jpg,details2/oy10212.jpg,details2/oy10213.jpg,details2/oy10214.jpg,details2/oy10215.jpg,details2/oy10216.jpg,details2/oy10217.jpg,details2/oy10218.jpg,details2/oy10219.jpg,details2/oy10220.jpg,details2/oy10221.jpg,details2/oy10222.jpg,details2/oy10223.jpg,details2/oy10224.jpg,details2/oy10225.jpg,details2/oy10226.jpg,details2/oy10227.jpg,details2/oy10228.jpg,details2/oy10229.jpg,details2/oy10230.jpg,details2/oy10231.jpg,details2/oy10232.jpg,details2/oy10233.jpg,details2/oy10234.jpg,details2/oy10235.jpg,details2/oy10236.jpg,details2/oy10237.jpg,details2/oy10238.jpg,details2/oy10239.jpg,details2/oy10240.jpg,details2/oy10241.jpg,details2/oy10242.jpg,details2/oy10243.jpg,details2/oy10244.jpg,details2/oy10245.jpg,details2/oy10246.jpg,details2/oy10247.jpg,details2/oy10248.jpg,details2/oy10249.jpg,details2/oy10250.jpg,details2/oy10251.jpg,details2/oy10252.jpg,details2/oy10253.jpg,details2/oy10254.jpg,details2/oy10255.jpg,details2/oy10256.jpg,details2/oy10257.jpg,details2/oy10258.jpg,details2/oy10259.jpg,details2/oy10260.jpg,details2/oy10261.jpg,details2/oy10262.jpg,details2/oy10263.jpg,details2/oy10264.jpg,details2/oy10265.jpg,details2/oy10266.jpg,details2/oy10267.jpg,details2/oy10268.jpg,details2/oy10269.jpg,details2/oy10270.jpg,details2/oy10271.jpg,details2/oy10272.jpg,details2/oy10273.jpg,details2/oy10274.jpg,details2/oy10275.jpg,details2/oy10276.jpg,details2/oy10277.jpg,details2/oy10278.jpg,details2/oy10279.jpg,details2/oy10280.jpg"
,,TOOQ,THE FIRST GYUL CUSHION,,6-Jun,2100,30-Jun,,30.75,https://image.oliveyoung.co.kr/cfimages/cf-goods/uploads/images/thumbnails/10/0000/0025/A00000025711310ko.jpg?l=ko&QT=85&SF=webp&sharpen=1x0.5,"details2/oy10301.jpg,details2/oy10302.jpg,details2/oy10303.jpg,details2/oy10304.jpg,details2/oy10305.jpg,details2/oy10306.jpg,details2/oy10307.jpg,details2/oy10308.jpg,details2/oy10309.jpg,details2/oy10310.jpg,details2/oy10311.jpg,details2/oy10312.jpg,details2/oy10313.jpg,details2/oy10314.jpg,details2/oy10315.jpg,details2/oy10316.jpg,details2/oy10317.jpg,details2/oy10318.jpg,details2/oy10319.jpg,details2/oy10320.jpg,details2/oy10321.jpg,details2/oy10322.jpg,details2/oy10323.jpg,details2/oy10324.jpg,details2/oy10325.jpg,details2/oy10326.jpg,details2/oy10327.jpg,details2/oy10328.jpg,details2/oy10329.jpg,details2/oy10330.jpg,details2/oy10331.jpg,details2/oy10332.jpg,details2/oy10333.jpg,details2/oy10334.jpg,details2/oy10335.jpg,details2/oy10336.jpg,details2/oy10337.jpg,details2/oy10338.jpg,details2/oy10339.jpg,details2/oy10340.jpg,details2/oy10341.jpg,details2/oy10342.jpg,details2/oy10343.jpg,details2/oy10344.jpg,details2/oy10345.jpg,details2/oy10346.jpg,details2/oy10347.jpg,details2/oy10348.jpg,details2/oy10349.jpg,details2/oy10350.jpg,details2/oy10351.jpg,details2/oy10352.jpg,details2/oy10353.jpg,details2/oy10354.jpg,details2/oy10355.jpg,details2/oy10356.jpg,details2/oy10357.jpg,details2/oy10358.jpg,details2/oy10359.jpg,details2/oy10360.jpg,details2/oy10361.jpg,details2/oy10362.jpg,details2/oy10363.jpg,details2/oy10364.jpg,details2/oy10365.jpg,details2/oy10366.jpg,details2/oy10367.jpg,details2/oy10368.jpg,details2/oy10369.jpg,details2/oy10370.jpg,details2/oy10371.jpg,details2/oy10372.jpg,details2/oy10373.jpg,details2/oy10374.jpg,details2/oy10375.jpg,details2/oy10376.jpg,details2/oy10377.jpg,details2/oy10378.jpg,details2/oy10379.jpg,details2/oy10380.jpg"
,,TOOQ,EYE EXTENDER WATERPROOF SLIM EYELINER,,6-Jun,2410,31-Jul,,33.075,https://image.oliveyoung.co.kr/cfimages/cf-goods/uploads/images/thumbnails/10/0000/0018/A00000018504647ko.jpg?l=ko&QT=85&SF=webp&sharpen=1x0.5,"details2/oy10401.jpg,details2/oy10402.jpg,details2/oy10403.jpg,details2/oy10404.jpg,details2/oy10405.jpg,details2/oy10406.jpg,details2/oy10407.jpg,details2/oy10408.jpg,details2/oy10409.jpg,details2/oy10410.jpg,details2/oy10411.jpg,details2/oy10412.jpg,details2/oy10413.jpg,details2/oy10414.jpg,details2/oy10415.jpg,details2/oy10416.jpg,details2/oy10417.jpg,details2/oy10418.jpg,details2/oy10419.jpg,details2/oy10420.jpg,details2/oy10421.jpg,details2/oy10422.jpg,details2/oy10423.jpg,details2/oy10424.jpg,details2/oy10425.jpg,details2/oy10426.jpg,details2/oy10427.jpg,details2/oy10428.jpg,details2/oy10429.jpg,details2/oy10430.jpg,details2/oy10431.jpg,details2/oy10432.jpg,details2/oy10433.jpg,details2/oy10434.jpg,details2/oy10435.jpg,details2/oy10436.jpg,details2/oy10437.jpg,details2/oy10438.jpg,details2/oy10439.jpg,details2/oy10440.jpg,details2/oy10441.jpg,details2/oy10442.jpg,details2/oy10443.jpg,details2/oy10444.jpg,details2/oy10445.jpg,details2/oy10446.jpg,details2/oy10447.jpg,details2/oy10448.jpg,details2/oy10449.jpg,details2/oy10450.jpg,details2/oy10451.jpg,details2/oy10452.jpg,details2/oy10453.jpg,details2/oy10454.jpg,details2/oy10455.jpg,details2/oy10456.jpg,details2/oy10457.jpg,details2/oy10458.jpg,details2/oy10459.jpg,details2/oy10460.jpg,details2/oy10461.jpg,details2/oy10462.jpg,details2/oy10463.jpg,details2/oy10464.jpg,details2/oy10465.jpg,details2/oy10466.jpg,details2/oy10467.jpg,details2/oy10468.jpg,details2/oy10469.jpg,details2/oy10470.jpg,details2/oy10471.jpg,details2/oy10472.jpg,details2/oy10473.jpg,details2/oy10474.jpg,details2/oy10475.jpg,details2/oy10476.jpg,details2/oy10477.jpg,details2/oy10478.jpg,details2/oy10479.jpg,details2/oy10480.jpg"
,,TOOQ,Transparent Recover BB Cream Recover Green,,6-Jun,7080,30-Jun,,68.1,https://image.oliveyoung.co.kr/cfimages/cf-goods/uploads/images/thumbnails/10/0000/0023/A00000023212232ko.jpg?l=ko&QT=85&SF=webp&sharpen=1x0.5,"details2/oy10501.jpg,details2/oy10502.jpg,details2/oy10503.jpg,details2/oy10504.jpg,details2/oy10505.jpg,details2/oy10506.jpg,details2/oy10507.jpg,details2/oy10508.jpg,details2/oy10509.jpg,details2/oy10510.jpg,details2/oy10511.jpg,details2/oy10512.jpg,details2/oy10513.jpg,details2/oy10514.jpg,details2/oy10515.jpg,details2/oy10516.jpg,details2/oy10517.jpg,details2/oy10518.jpg,details2/oy10519.jpg,details2/oy10520.jpg,details2/oy10521.jpg,details2/oy10522.jpg,details2/oy10523.jpg,details2/oy10524.jpg,details2/oy10525.jpg,details2/oy10526.jpg,details2/oy10527.jpg,details2/oy10528.jpg,details2/oy10529.jpg,details2/oy10530.jpg,details2/oy10531.jpg,details2/oy10532.jpg,details2/oy10533.jpg,details2/oy10534.jpg,details2/oy10535.jpg,details2/oy10536.jpg,details2/oy10537.jpg,details2/oy10538.jpg,details2/oy10539.jpg,details2/oy10540.jpg,details2/oy10541.jpg,details2/oy10542.jpg,details2/oy10543.jpg,details2/oy10544.jpg,details2/oy10545.jpg,details2/oy10546.jpg,details2/oy10547.jpg,details2/oy10548.jpg,details2/oy10549.jpg,details2/oy10550.jpg,details2/oy10551.jpg,details2/oy10552.jpg,details2/oy10553.jpg,details2/oy10554.jpg,details2/oy10555.jpg,details2/oy10556.jpg,details2/oy10557.jpg,details2/oy10558.jpg,details2/oy10559.jpg,details2/oy10560.jpg,details2/oy10561.jpg,details2/oy10562.jpg,details2/oy10563.jpg,details2/oy10564.jpg,details2/oy10565.jpg,details2/oy10566.jpg,details2/oy10567.jpg,details2/oy10568.jpg,details2/oy10569.jpg,details2/oy10570.jpg,details2/oy10571.jpg,details2/oy10572.jpg,details2/oy10573.jpg,details2/oy10574.jpg,details2/oy10575.jpg,details2/oy10576.jpg,details2/oy10577.jpg,details2/oy10578.jpg,details2/oy10579.jpg,details2/oy10580.jpg"
,,TOOQ,WATERCREAM & LIQREAM BLUSHER,,6-Jun,1950,31-Jul,,29.625,https://image.oliveyoung.co.kr/cfimages/cf-goods/uploads/images/thumbnails/10/0000/0023/A00000023769828ko.jpg?l=ko&QT=85&SF=webp&sharpen=1x0.5,"details2/oy10601.jpg,details2/oy10602.jpg,details2/oy10603.jpg,details2/oy10604.jpg,details2/oy10605.jpg,details2/oy10606.jpg,details2/oy10607.jpg,details2/oy10608.jpg,details2/oy10609.jpg,details2/oy10610.jpg,details2/oy10611.jpg,details2/oy10612.jpg,details2/oy10613.jpg,details2/oy10614.jpg,details2/oy10615.jpg,details2/oy10616.jpg,details2/oy10617.jpg,details2/oy10618.jpg,details2/oy10619.jpg,details2/oy10620.jpg,details2/oy10621.jpg,details2/oy10622.jpg,details2/oy10623.jpg,details2/oy10624.jpg,details2/oy10625.jpg,details2/oy10626.jpg,details2/oy10627.jpg,details2/oy10628.jpg,details2/oy10629.jpg,details2/oy10630.jpg,details2/oy10631.jpg,details2/oy10632.jpg,details2/oy10633.jpg,details2/oy10634.jpg,details2/oy10635.jpg,details2/oy10636.jpg,details2/oy10637.jpg,details2/oy10638.jpg,details2/oy10639.jpg,details2/oy10640.jpg,details2/oy10641.jpg,details2/oy10642.jpg,details2/oy10643.jpg,details2/oy10644.jpg,details2/oy10645.jpg,details2/oy10646.jpg,details2/oy10647.jpg,details2/oy10648.jpg,details2/oy10649.jpg,details2/oy10650.jpg,details2/oy10651.jpg,details2/oy10652.jpg,details2/oy10653.jpg,details2/oy10654.jpg,details2/oy10655.jpg,details2/oy10656.jpg,details2/oy10657.jpg,details2/oy10658.jpg,details2/oy10659.jpg,details2/oy10660.jpg,details2/oy10661.jpg,details2/oy10662.jpg,details2/oy10663.jpg,details2/oy10664.jpg,details2/oy10665.jpg,details2/oy10666.jpg,details2/oy10667.jpg,details2/oy10668.jpg,details2/oy10669.jpg,details2/oy10670.jpg,details2/oy10671.jpg,details2/oy10672.jpg,details2/oy10673.jpg,details2/oy10674.jpg,details2/oy10675.jpg,details2/oy10676.jpg,details2/oy10677.jpg,details2/oy10678.jpg,details2/oy10679.jpg,details2/oy10680.jpg"
,,TWO SLASH FOUR,[NEW COLOR] ALL OVER FACE BLUSH,,6-Jun,1900,31-Jul,,29.25,https://image.oliveyoung.co.kr/cfimages/cf-goods/uploads/images/thumbnails/10/0000/0022/A00000022770534ko.jpg?l=ko&QT=85&SF=webp&sharpen=1x0.5,"details2/oy10701.jpg,details2/oy10702.jpg,details2/oy10703.jpg,details2/oy10704.jpg,details2/oy10705.jpg,details2/oy10706.jpg,details2/oy10707.jpg,details2/oy10708.jpg,details2/oy10709.jpg,details2/oy10710.jpg,details2/oy10711.jpg,details2/oy10712.jpg,details2/oy10713.jpg,details2/oy10714.jpg,details2/oy10715.jpg,details2/oy10716.jpg,details2/oy10717.jpg,details2/oy10718.jpg,details2/oy10719.jpg,details2/oy10720.jpg,details2/oy10721.jpg,details2/oy10722.jpg,details2/oy10723.jpg,details2/oy10724.jpg,details2/oy10725.jpg,details2/oy10726.jpg,details2/oy10727.jpg,details2/oy10728.jpg,details2/oy10729.jpg,details2/oy10730.jpg,details2/oy10731.jpg,details2/oy10732.jpg,details2/oy10733.jpg,details2/oy10734.jpg,details2/oy10735.jpg,details2/oy10736.jpg,details2/oy10737.jpg,details2/oy10738.jpg,details2/oy10739.jpg,details2/oy10740.jpg,details2/oy10741.jpg,details2/oy10742.jpg,details2/oy10743.jpg,details2/oy10744.jpg,details2/oy10745.jpg,details2/oy10746.jpg,details2/oy10747.jpg,details2/oy10748.jpg,details2/oy10749.jpg,details2/oy10750.jpg,details2/oy10751.jpg,details2/oy10752.jpg,details2/oy10753.jpg,details2/oy10754.jpg,details2/oy10755.jpg,details2/oy10756.jpg,details2/oy10757.jpg,details2/oy10758.jpg,details2/oy10759.jpg,details2/oy10760.jpg,details2/oy10761.jpg,details2/oy10762.jpg,details2/oy10763.jpg,details2/oy10764.jpg,details2/oy10765.jpg,details2/oy10766.jpg,details2/oy10767.jpg,details2/oy10768.jpg,details2/oy10769.jpg,details2/oy10770.jpg,details2/oy10771.jpg,details2/oy10772.jpg,details2/oy10773.jpg,details2/oy10774.jpg,details2/oy10775.jpg,details2/oy10776.jpg,details2/oy10777.jpg,details2/oy10778.jpg,details2/oy10779.jpg,details2/oy10780.jpg"
,,TWO SLASH FOUR,SCULPT LIP SHAPER,,6-Jun,1670,31-Jul,,27.525,https://image.oliveyoung.co.kr/cfimages/cf-goods/uploads/images/thumbnails/10/0000/0022/A00000022777812ko.jpg?l=ko&QT=85&SF=webp&sharpen=1x0.5,"details2/oy10801.jpg,details2/oy10802.jpg,details2/oy10803.jpg,details2/oy10804.jpg,details2/oy10805.jpg,details2/oy10806.jpg,details2/oy10807.jpg,details2/oy10808.jpg,details2/oy10809.jpg,details2/oy10810.jpg,details2/oy10811.jpg,details2/oy10812.jpg,details2/oy10813.jpg,details2/oy10814.jpg,details2/oy10815.jpg,details2/oy10816.jpg,details2/oy10817.jpg,details2/oy10818.jpg,details2/oy10819.jpg,details2/oy10820.jpg,details2/oy10821.jpg,details2/oy10822.jpg,details2/oy10823.jpg,details2/oy10824.jpg,details2/oy10825.jpg,details2/oy10826.jpg,details2/oy10827.jpg,details2/oy10828.jpg,details2/oy10829.jpg,details2/oy10830.jpg,details2/oy10831.jpg,details2/oy10832.jpg,details2/oy10833.jpg,details2/oy10834.jpg,details2/oy10835.jpg,details2/oy10836.jpg,details2/oy10837.jpg,details2/oy10838.jpg,details2/oy10839.jpg,details2/oy10840.jpg,details2/oy10841.jpg,details2/oy10842.jpg,details2/oy10843.jpg,details2/oy10844.jpg,details2/oy10845.jpg,details2/oy10846.jpg,details2/oy10847.jpg,details2/oy10848.jpg,details2/oy10849.jpg,details2/oy10850.jpg,details2/oy10851.jpg,details2/oy10852.jpg,details2/oy10853.jpg,details2/oy10854.jpg,details2/oy10855.jpg,details2/oy10856.jpg,details2/oy10857.jpg,details2/oy10858.jpg,details2/oy10859.jpg,details2/oy10860.jpg,details2/oy10861.jpg,details2/oy10862.jpg,details2/oy10863.jpg,details2/oy10864.jpg,details2/oy10865.jpg,details2/oy10866.jpg,details2/oy10867.jpg,details2/oy10868.jpg,details2/oy10869.jpg,details2/oy10870.jpg,details2/oy10871.jpg,details2/oy10872.jpg,details2/oy10873.jpg,details2/oy10874.jpg,details2/oy10875.jpg,details2/oy10876.jpg,details2/oy10877.jpg,details2/oy10878.jpg,details2/oy10879.jpg,details2/oy10880.jpg"
,,TWO SLASH FOUR,CLOUD LIP CHILLER,,6-Jun,3020,30-Jun,,37.65,https://image.oliveyoung.co.kr/cfimages/cf-goods/uploads/images/thumbnails/10/0000/0024/A00000024381911ko.jpg?l=ko&QT=85&SF=webp&sharpen=1x0.5,"details2/oy10901.jpg,details2/oy10902.jpg,details2/oy10903.jpg,details2/oy10904.jpg,details2/oy10905.jpg,details2/oy10906.jpg,details2/oy10907.jpg,details2/oy10908.jpg,details2/oy10909.jpg,details2/oy10910.jpg,details2/oy10911.jpg,details2/oy10912.jpg,details2/oy10913.jpg,details2/oy10914.jpg,details2/oy10915.jpg,details2/oy10916.jpg,details2/oy10917.jpg,details2/oy10918.jpg,details2/oy10919.jpg,details2/oy10920.jpg,details2/oy10921.jpg,details2/oy10922.jpg,details2/oy10923.jpg,details2/oy10924.jpg,details2/oy10925.jpg,details2/oy10926.jpg,details2/oy10927.jpg,details2/oy10928.jpg,details2/oy10929.jpg,details2/oy10930.jpg,details2/oy10931.jpg,details2/oy10932.jpg,details2/oy10933.jpg,details2/oy10934.jpg,details2/oy10935.jpg,details2/oy10936.jpg,details2/oy10937.jpg,details2/oy10938.jpg,details2/oy10939.jpg,details2/oy10940.jpg,details2/oy10941.jpg,details2/oy10942.jpg,details2/oy10943.jpg,details2/oy10944.jpg,details2/oy10945.jpg,details2/oy10946.jpg,details2/oy10947.jpg,details2/oy10948.jpg,details2/oy10949.jpg,details2/oy10950.jpg,details2/oy10951.jpg,details2/oy10952.jpg,details2/oy10953.jpg,details2/oy10954.jpg,details2/oy10955.jpg,details2/oy10956.jpg,details2/oy10957.jpg,details2/oy10958.jpg,details2/oy10959.jpg,details2/oy10960.jpg,details2/oy10961.jpg,details2/oy10962.jpg,details2/oy10963.jpg,details2/oy10964.jpg,details2/oy10965.jpg,details2/oy10966.jpg,details2/oy10967.jpg,details2/oy10968.jpg,details2/oy10969.jpg,details2/oy10970.jpg,details2/oy10971.jpg,details2/oy10972.jpg,details2/oy10973.jpg,details2/oy10974.jpg,details2/oy10975.jpg,details2/oy10976.jpg,details2/oy10977.jpg,details2/oy10978.jpg,details2/oy10979.jpg,details2/oy10980.jpg"
,,TWO SLASH FOUR,GLAZE LIP CHANGER,,6-Jun,2050,31-Jul,,30.375,https://image.oliveyoung.co.kr/cfimages/cf-goods/uploads/images/thumbnails/10/0000/0022/A00000022776709ko.jpg?l=ko&QT=85&SF=webp&sharpen=1x0.5,"details2/oy11001.jpg,details2/oy11002.jpg,details2/oy11003.jpg,details2/oy11004.jpg,details2/oy11005.jpg,details2/oy11006.jpg,details2/oy11007.jpg,details2/oy11008.jpg,details2/oy11009.jpg,details2/oy11010.jpg,details2/oy11011.jpg,details2/oy11012.jpg,details2/oy11013.jpg,details2/oy11014.jpg,details2/oy11015.jpg,details2/oy11016.jpg,details2/oy11017.jpg,details2/oy11018.jpg,details2/oy11019.jpg,details2/oy11020.jpg,details2/oy11021.jpg,details2/oy11022.jpg,details2/oy11023.jpg,details2/oy11024.jpg,details2/oy11025.jpg,details2/oy11026.jpg,details2/oy11027.jpg,details2/oy11028.jpg,details2/oy11029.jpg,details2/oy11030.jpg,details2/oy11031.jpg,details2/oy11032.jpg,details2/oy11033.jpg,details2/oy11034.jpg,details2/oy11035.jpg,details2/oy11036.jpg,details2/oy11037.jpg,details2/oy11038.jpg,details2/oy11039.jpg,details2/oy11040.jpg,details2/oy11041.jpg,details2/oy11042.jpg,details2/oy11043.jpg,details2/oy11044.jpg,details2/oy11045.jpg,details2/oy11046.jpg,details2/oy11047.jpg,details2/oy11048.jpg,details2/oy11049.jpg,details2/oy11050.jpg,details2/oy11051.jpg,details2/oy11052.jpg,details2/oy11053.jpg,details2/oy11054.jpg,details2/oy11055.jpg,details2/oy11056.jpg,details2/oy11057.jpg,details2/oy11058.jpg,details2/oy11059.jpg,details2/oy11060.jpg,details2/oy11061.jpg,details2/oy11062.jpg,details2/oy11063.jpg,details2/oy11064.jpg,details2/oy11065.jpg,details2/oy11066.jpg,details2/oy11067.jpg,details2/oy11068.jpg,details2/oy11069.jpg,details2/oy11070.jpg,details2/oy11071.jpg,details2/oy11072.jpg,details2/oy11073.jpg,details2/oy11074.jpg,details2/oy11075.jpg,details2/oy11076.jpg,details2/oy11077.jpg,details2/oy11078.jpg,details2/oy11079.jpg,details2/oy11080.jpg"
,,TWO SLASH FOUR,[NEW] FLASH REFLECTING SKIN FINISHER,,6-Jun,2580,31-Jul,,34.35,https://image.oliveyoung.co.kr/cfimages/cf-goods/uploads/images/thumbnails/10/0000/0025/A00000025344414ko.jpg?l=ko&QT=85&SF=webp&sharpen=1x0.5,"details2/oy11101.jpg,details2/oy11102.jpg,details2/oy11103.jpg,details2/oy11104.jpg,details2/oy11105.jpg,details2/oy11106.jpg,details2/oy11107.jpg,details2/oy11108.jpg,details2/oy11109.jpg,details2/oy11110.jpg,details2/oy11111.jpg,details2/oy11112.jpg,details2/oy11113.jpg,details2/oy11114.jpg,details2/oy11115.jpg,details2/oy11116.jpg,details2/oy11117.jpg,details2/oy11118.jpg,details2/oy11119.jpg,details2/oy11120.jpg,details2/oy11121.jpg,details2/oy11122.jpg,details2/oy11123.jpg,details2/oy11124.jpg,details2/oy11125.jpg,details2/oy11126.jpg,details2/oy11127.jpg,details2/oy11128.jpg,details2/oy11129.jpg,details2/oy11130.jpg,details2/oy11131.jpg,details2/oy11132.jpg,details2/oy11133.jpg,details2/oy11134.jpg,details2/oy11135.jpg,details2/oy11136.jpg,details2/oy11137.jpg,details2/oy11138.jpg,details2/oy11139.jpg,details2/oy11140.jpg,details2/oy11141.jpg,details2/oy11142.jpg,details2/oy11143.jpg,details2/oy11144.jpg,details2/oy11145.jpg,details2/oy11146.jpg,details2/oy11147.jpg,details2/oy11148.jpg,details2/oy11149.jpg,details2/oy11150.jpg,details2/oy11151.jpg,details2/oy11152.jpg,details2/oy11153.jpg,details2/oy11154.jpg,details2/oy11155.jpg,details2/oy11156.jpg,details2/oy11157.jpg,details2/oy11158.jpg,details2/oy11159.jpg,details2/oy11160.jpg,details2/oy11161.jpg,details2/oy11162.jpg,details2/oy11163.jpg,details2/oy11164.jpg,details2/oy11165.jpg,details2/oy11166.jpg,details2/oy11167.jpg,details2/oy11168.jpg,details2/oy11169.jpg,details2/oy11170.jpg,details2/oy11171.jpg,details2/oy11172.jpg,details2/oy11173.jpg,details2/oy11174.jpg,details2/oy11175.jpg,details2/oy11176.jpg,details2/oy11177.jpg,details2/oy11178.jpg,details2/oy11179.jpg,details2/oy11180.jpg"
,,TWO SLASH FOUR,ODD BALANCE EYE PALETTE,,6-Jun,2880,31-Jul,,36.6,https://image.oliveyoung.co.kr/cfimages/cf-goods/uploads/images/thumbnails/10/0000/0023/A00000023441219ko.jpg?l=ko&QT=85&SF=webp&sharpen=1x0.5,"details2/oy11201.jpg,details2/oy11202.jpg,details2/oy11203.jpg,details2/oy11204.jpg,details2/oy11205.jpg,details2/oy11206.jpg,details2/oy11207.jpg,details2/oy11208.jpg,details2/oy11209.jpg,details2/oy11210.jpg,details2/oy11211.jpg,details2/oy11212.jpg,details2/oy11213.jpg,details2/oy11214.jpg,details2/oy11215.jpg,details2/oy11216.jpg,details2/oy11217.jpg,details2/oy11218.jpg,details2/oy11219.jpg,details2/oy11220.jpg,details2/oy11221.jpg,details2/oy11222.jpg,details2/oy11223.jpg,details2/oy11224.jpg,details2/oy11225.jpg,details2/oy11226.jpg,details2/oy11227.jpg,details2/oy11228.jpg,details2/oy11229.jpg,details2/oy11230.jpg,details2/oy11231.jpg,details2/oy11232.jpg,details2/oy11233.jpg,details2/oy11234.jpg,details2/oy11235.jpg,details2/oy11236.jpg,details2/oy11237.jpg,details2/oy11238.jpg,details2/oy11239.jpg,details2/oy11240.jpg,details2/oy11241.jpg,details2/oy11242.jpg,details2/oy11243.jpg,details2/oy11244.jpg,details2/oy11245.jpg,details2/oy11246.jpg,details2/oy11247.jpg,details2/oy11248.jpg,details2/oy11249.jpg,details2/oy11250.jpg,details2/oy11251.jpg,details2/oy11252.jpg,details2/oy11253.jpg,details2/oy11254.jpg,details2/oy11255.jpg,details2/oy11256.jpg,details2/oy11257.jpg,details2/oy11258.jpg,details2/oy11259.jpg,details2/oy11260.jpg,details2/oy11261.jpg,details2/oy11262.jpg,details2/oy11263.jpg,details2/oy11264.jpg,details2/oy11265.jpg,details2/oy11266.jpg,details2/oy11267.jpg,details2/oy11268.jpg,details2/oy11269.jpg,details2/oy11270.jpg,details2/oy11271.jpg,details2/oy11272.jpg,details2/oy11273.jpg,details2/oy11274.jpg,details2/oy11275.jpg,details2/oy11276.jpg,details2/oy11277.jpg,details2/oy11278.jpg,details2/oy11279.jpg,details2/oy11280.jpg"
,,DASIQUE,[NEW] POLLY POCKET COLLECTION LITTLE SHADOW PALETTE,,6-Jun,1000,30-Jun,,22.5,https://image.oliveyoung.co.kr/cfimages/cf-goods/uploads/images/thumbnails/10/0000/0025/A00000025602833ko.jpg?l=ko&QT=85&SF=webp&sharpen=1x0.5,"details2/oy11301.jpg,details2/oy11302.jpg,details2/oy11303.jpg,details2/oy11304.jpg,details2/oy11305.jpg,details2/oy11306.jpg,details2/oy11307.jpg,details2/oy11308.jpg,details2/oy11309.jpg,details2/oy11310.jpg,details2/oy11311.jpg,details2/oy11312.jpg,details2/oy11313.jpg,details2/oy11314.jpg,details2/oy11315.jpg,details2/oy11316.jpg,details2/oy11317.jpg,details2/oy11318.jpg,details2/oy11319.jpg,details2/oy11320.jpg,details2/oy11321.jpg,details2/oy11322.jpg,details2/oy11323.jpg,details2/oy11324.jpg,details2/oy11325.jpg,details2/oy11326.jpg,details2/oy11327.jpg,details2/oy11328.jpg,details2/oy11329.jpg,details2/oy11330.jpg,details2/oy11331.jpg,details2/oy11332.jpg,details2/oy11333.jpg,details2/oy11334.jpg,details2/oy11335.jpg,details2/oy11336.jpg,details2/oy11337.jpg,details2/oy11338.jpg,details2/oy11339.jpg,details2/oy11340.jpg,details2/oy11341.jpg,details2/oy11342.jpg,details2/oy11343.jpg,details2/oy11344.jpg,details2/oy11345.jpg,details2/oy11346.jpg,details2/oy11347.jpg,details2/oy11348.jpg,details2/oy11349.jpg,details2/oy11350.jpg,details2/oy11351.jpg,details2/oy11352.jpg,details2/oy11353.jpg,details2/oy11354.jpg,details2/oy11355.jpg,details2/oy11356.jpg,details2/oy11357.jpg,details2/oy11358.jpg,details2/oy11359.jpg,details2/oy11360.jpg,details2/oy11361.jpg,details2/oy11362.jpg,details2/oy11363.jpg,details2/oy11364.jpg,details2/oy11365.jpg,details2/oy11366.jpg,details2/oy11367.jpg,details2/oy11368.jpg,details2/oy11369.jpg,details2/oy11370.jpg,details2/oy11371.jpg,details2/oy11372.jpg,details2/oy11373.jpg,details2/oy11374.jpg,details2/oy11375.jpg,details2/oy11376.jpg,details2/oy11377.jpg,details2/oy11378.jpg,details2/oy11379.jpg,details2/oy11380.jpg"
,,DASIQUE,[NEW] POLLY POCKET COLLECTION LITTLE BLUSH PALETTE,,6-Jun,1010,30-Jun,,22.575,https://image.oliveyoung.co.kr/cfimages/cf-goods/uploads/images/thumbnails/10/0000/0025/A00000025602721ko.jpg?l=ko&QT=85&SF=webp&sharpen=1x0.5,"details2/oy11401.jpg,details2/oy11402.jpg,details2/oy11403.jpg,details2/oy11404.jpg,details2/oy11405.jpg,details2/oy11406.jpg,details2/oy11407.jpg,details2/oy11408.jpg,details2/oy11409.jpg,details2/oy11410.jpg,details2/oy11411.jpg,details2/oy11412.jpg,details2/oy11413.jpg,details2/oy11414.jpg,details2/oy11415.jpg,details2/oy11416.jpg,details2/oy11417.jpg,details2/oy11418.jpg,details2/oy11419.jpg,details2/oy11420.jpg,details2/oy11421.jpg,details2/oy11422.jpg,details2/oy11423.jpg,details2/oy11424.jpg,details2/oy11425.jpg,details2/oy11426.jpg,details2/oy11427.jpg,details2/oy11428.jpg,details2/oy11429.jpg,details2/oy11430.jpg,details2/oy11431.jpg,details2/oy11432.jpg,details2/oy11433.jpg,details2/oy11434.jpg,details2/oy11435.jpg,details2/oy11436.jpg,details2/oy11437.jpg,details2/oy11438.jpg,details2/oy11439.jpg,details2/oy11440.jpg,details2/oy11441.jpg,details2/oy11442.jpg,details2/oy11443.jpg,details2/oy11444.jpg,details2/oy11445.jpg,details2/oy11446.jpg,details2/oy11447.jpg,details2/oy11448.jpg,details2/oy11449.jpg,details2/oy11450.jpg,details2/oy11451.jpg,details2/oy11452.jpg,details2/oy11453.jpg,details2/oy11454.jpg,details2/oy11455.jpg,details2/oy11456.jpg,details2/oy11457.jpg,details2/oy11458.jpg,details2/oy11459.jpg,details2/oy11460.jpg,details2/oy11461.jpg,details2/oy11462.jpg,details2/oy11463.jpg,details2/oy11464.jpg,details2/oy11465.jpg,details2/oy11466.jpg,details2/oy11467.jpg,details2/oy11468.jpg,details2/oy11469.jpg,details2/oy11470.jpg,details2/oy11471.jpg,details2/oy11472.jpg,details2/oy11473.jpg,details2/oy11474.jpg,details2/oy11475.jpg,details2/oy11476.jpg,details2/oy11477.jpg,details2/oy11478.jpg,details2/oy11479.jpg,details2/oy11480.jpg"
,,DASIQUE,[NEW] POLLY POCKET COLLECTION SOUFFLE COLOR POT,,6-Jun,750,30-Jun,,20.625,https://image.oliveyoung.co.kr/cfimages/cf-goods/uploads/images/thumbnails/10/0000/0021/A00000021016232ko.jpg?l=ko&QT=85&SF=webp&sharpen=1x0.5,"details2/oy11501.jpg,details2/oy11502.jpg,details2/oy11503.jpg,details2/oy11504.jpg,details2/oy11505.jpg,details2/oy11506.jpg,details2/oy11507.jpg,details2/oy11508.jpg,details2/oy11509.jpg,details2/oy11510.jpg,details2/oy11511.jpg,details2/oy11512.jpg,details2/oy11513.jpg,details2/oy11514.jpg,details2/oy11515.jpg,details2/oy11516.jpg,details2/oy11517.jpg,details2/oy11518.jpg,details2/oy11519.jpg,details2/oy11520.jpg,details2/oy11521.jpg,details2/oy11522.jpg,details2/oy11523.jpg,details2/oy11524.jpg,details2/oy11525.jpg,details2/oy11526.jpg,details2/oy11527.jpg,details2/oy11528.jpg,details2/oy11529.jpg,details2/oy11530.jpg,details2/oy11531.jpg,details2/oy11532.jpg,details2/oy11533.jpg,details2/oy11534.jpg,details2/oy11535.jpg,details2/oy11536.jpg,details2/oy11537.jpg,details2/oy11538.jpg,details2/oy11539.jpg,details2/oy11540.jpg,details2/oy11541.jpg,details2/oy11542.jpg,details2/oy11543.jpg,details2/oy11544.jpg,details2/oy11545.jpg,details2/oy11546.jpg,details2/oy11547.jpg,details2/oy11548.jpg,details2/oy11549.jpg,details2/oy11550.jpg,details2/oy11551.jpg,details2/oy11552.jpg,details2/oy11553.jpg,details2/oy11554.jpg,details2/oy11555.jpg,details2/oy11556.jpg,details2/oy11557.jpg,details2/oy11558.jpg,details2/oy11559.jpg,details2/oy11560.jpg,details2/oy11561.jpg,details2/oy11562.jpg,details2/oy11563.jpg,details2/oy11564.jpg,details2/oy11565.jpg,details2/oy11566.jpg,details2/oy11567.jpg,details2/oy11568.jpg,details2/oy11569.jpg,details2/oy11570.jpg,details2/oy11571.jpg,details2/oy11572.jpg,details2/oy11573.jpg,details2/oy11574.jpg,details2/oy11575.jpg,details2/oy11576.jpg,details2/oy11577.jpg,details2/oy11578.jpg,details2/oy11579.jpg,details2/oy11580.jpg"
,,TIPTOE,Blurry Puree Blush,,6-Jun,3370,30-Jun,,40.275,https://image.oliveyoung.co.kr/cfimages/cf-goods/uploads/images/thumbnails/10/0000/0022/A00000022166629ko.png?l=ko&QT=100&SF=webp&sharpen=1x0.5,"details2/oy11601.jpg,details2/oy11602.jpg,details2/oy11603.jpg,details2/oy11604.jpg,details2/oy11605.jpg,details2/oy11606.jpg,details2/oy11607.jpg,details2/oy11608.jpg,details2/oy11609.jpg,details2/oy11610.jpg,details2/oy11611.jpg,details2/oy11612.jpg,details2/oy11613.jpg,details2/oy11614.jpg,details2/oy11615.jpg,details2/oy11616.jpg,details2/oy11617.jpg,details2/oy11618.jpg,details2/oy11619.jpg,details2/oy11620.jpg,details2/oy11621.jpg,details2/oy11622.jpg,details2/oy11623.jpg,details2/oy11624.jpg,details2/oy11625.jpg,details2/oy11626.jpg,details2/oy11627.jpg,details2/oy11628.jpg,details2/oy11629.jpg,details2/oy11630.jpg,details2/oy11631.jpg,details2/oy11632.jpg,details2/oy11633.jpg,details2/oy11634.jpg,details2/oy11635.jpg,details2/oy11636.jpg,details2/oy11637.jpg,details2/oy11638.jpg,details2/oy11639.jpg,details2/oy11640.jpg,details2/oy11641.jpg,details2/oy11642.jpg,details2/oy11643.jpg,details2/oy11644.jpg,details2/oy11645.jpg,details2/oy11646.jpg,details2/oy11647.jpg,details2/oy11648.jpg,details2/oy11649.jpg,details2/oy11650.jpg,details2/oy11651.jpg,details2/oy11652.jpg,details2/oy11653.jpg,details2/oy11654.jpg,details2/oy11655.jpg,details2/oy11656.jpg,details2/oy11657.jpg,details2/oy11658.jpg,details2/oy11659.jpg,details2/oy11660.jpg,details2/oy11661.jpg,details2/oy11662.jpg,details2/oy11663.jpg,details2/oy11664.jpg,details2/oy11665.jpg,details2/oy11666.jpg,details2/oy11667.jpg,details2/oy11668.jpg,details2/oy11669.jpg,details2/oy11670.jpg,details2/oy11671.jpg,details2/oy11672.jpg,details2/oy11673.jpg,details2/oy11674.jpg,details2/oy11675.jpg,details2/oy11676.jpg,details2/oy11677.jpg,details2/oy11678.jpg,details2/oy11679.jpg,details2/oy11680.jpg"
,,TIPTOE,Glowit Sorbet Tint (20 colors),,6-Jun,2610,30-Jun,,34.575,https://image.oliveyoung.co.kr/cfimages/cf-goods/uploads/images/thumbnails/10/0000/0022/A00000022950120ko.png?l=ko&QT=100&SF=webp&sharpen=1x0.5,"details2/oy11701.jpg,details2/oy11702.jpg,details2/oy11703.jpg,details2/oy11704.jpg,details2/oy11705.jpg,details2/oy11706.jpg,details2/oy11707.jpg,details2/oy11708.jpg,details2/oy11709.jpg,details2/oy11710.jpg,details2/oy11711.jpg,details2/oy11712.jpg,details2/oy11713.jpg,details2/oy11714.jpg,details2/oy11715.jpg,details2/oy11716.jpg,details2/oy11717.jpg,details2/oy11718.jpg,details2/oy11719.jpg,details2/oy11720.jpg,details2/oy11721.jpg,details2/oy11722.jpg,details2/oy11723.jpg,details2/oy11724.jpg,details2/oy11725.jpg,details2/oy11726.jpg,details2/oy11727.jpg,details2/oy11728.jpg,details2/oy11729.jpg,details2/oy11730.jpg,details2/oy11731.jpg,details2/oy11732.jpg,details2/oy11733.jpg,details2/oy11734.jpg,details2/oy11735.jpg,details2/oy11736.jpg,details2/oy11737.jpg,details2/oy11738.jpg,details2/oy11739.jpg,details2/oy11740.jpg,details2/oy11741.jpg,details2/oy11742.jpg,details2/oy11743.jpg,details2/oy11744.jpg,details2/oy11745.jpg,details2/oy11746.jpg,details2/oy11747.jpg,details2/oy11748.jpg,details2/oy11749.jpg,details2/oy11750.jpg,details2/oy11751.jpg,details2/oy11752.jpg,details2/oy11753.jpg,details2/oy11754.jpg,details2/oy11755.jpg,details2/oy11756.jpg,details2/oy11757.jpg,details2/oy11758.jpg,details2/oy11759.jpg,details2/oy11760.jpg,details2/oy11761.jpg,details2/oy11762.jpg,details2/oy11763.jpg,details2/oy11764.jpg,details2/oy11765.jpg,details2/oy11766.jpg,details2/oy11767.jpg,details2/oy11768.jpg,details2/oy11769.jpg,details2/oy11770.jpg,details2/oy11771.jpg,details2/oy11772.jpg,details2/oy11773.jpg,details2/oy11774.jpg,details2/oy11775.jpg,details2/oy11776.jpg,details2/oy11777.jpg,details2/oy11778.jpg,details2/oy11779.jpg,details2/oy11780.jpg"
,,TIPTOE,Jelly Stick,,6-Jun,890,31-Jul,,21.675,https://image.oliveyoung.co.kr/cfimages/cf-goods/uploads/images/thumbnails/10/0000/0020/A00000020370122ko.png?l=ko&QT=100&SF=webp&sharpen=1x0.5,"details2/oy11801.jpg,details2/oy11802.jpg,details2/oy11803.jpg,details2/oy11804.jpg,details2/oy11805.jpg,details2/oy11806.jpg,details2/oy11807.jpg,details2/oy11808.jpg,details2/oy11809.jpg,details2/oy11810.jpg,details2/oy11811.jpg,details2/oy11812.jpg,details2/oy11813.jpg,details2/oy11814.jpg,details2/oy11815.jpg,details2/oy11816.jpg,details2/oy11817.jpg,details2/oy11818.jpg,details2/oy11819.jpg,details2/oy11820.jpg,details2/oy11821.jpg,details2/oy11822.jpg,details2/oy11823.jpg,details2/oy11824.jpg,details2/oy11825.jpg,details2/oy11826.jpg,details2/oy11827.jpg,details2/oy11828.jpg,details2/oy11829.jpg,details2/oy11830.jpg,details2/oy11831.jpg,details2/oy11832.jpg,details2/oy11833.jpg,details2/oy11834.jpg,details2/oy11835.jpg,details2/oy11836.jpg,details2/oy11837.jpg,details2/oy11838.jpg,details2/oy11839.jpg,details2/oy11840.jpg,details2/oy11841.jpg,details2/oy11842.jpg,details2/oy11843.jpg,details2/oy11844.jpg,details2/oy11845.jpg,details2/oy11846.jpg,details2/oy11847.jpg,details2/oy11848.jpg,details2/oy11849.jpg,details2/oy11850.jpg,details2/oy11851.jpg,details2/oy11852.jpg,details2/oy11853.jpg,details2/oy11854.jpg,details2/oy11855.jpg,details2/oy11856.jpg,details2/oy11857.jpg,details2/oy11858.jpg,details2/oy11859.jpg,details2/oy11860.jpg,details2/oy11861.jpg,details2/oy11862.jpg,details2/oy11863.jpg,details2/oy11864.jpg,details2/oy11865.jpg,details2/oy11866.jpg,details2/oy11867.jpg,details2/oy11868.jpg,details2/oy11869.jpg,details2/oy11870.jpg,details2/oy11871.jpg,details2/oy11872.jpg,details2/oy11873.jpg,details2/oy11874.jpg,details2/oy11875.jpg,details2/oy11876.jpg,details2/oy11877.jpg,details2/oy11878.jpg,details2/oy11879.jpg,details2/oy11880.jpg"
,,VDL,TONE STAIN COLOR CORRECTING (4 Colors),,6-Jun,810,31-Jul,,21.075,https://image.oliveyoung.co.kr/cfimages/cf-goods/uploads/images/thumbnails/10/0000/0020/A00000020590856ko.jpg?l=ko&QT=85&SF=webp&sharpen=1x0.5,"details2/C0741.jpg,details2/C0742.gif,details/C0743.jpg,details/C0744.jpg,details/C0745.jpg,details/C0746.jpg,details/C0747.jpg,details/C07408.jpg,details/C07409.jpg,details/C07410.jpg,details/C07411.gif,details/C07412.jpg,details/C07413.jpg,details/C07414.jpg,details/C07415.jpg,details/C07416.jpg,details/C07417.jpg,details/C07418.jpg,details/C07419.jpg,details/C07420.jpg,details/C07421.jpg,details/C07422.jpg,details/C07423.jpg,details/C07424.jpg,details/C07425.jpg,details/C07426.jpg,details/C07427.jpg,details/C07428.jpg,details/C07429.jpg,details/C07430.jpg,details/C07431.jpg,details/C07432.jpg,details/C07433.jpg,details/C07434.jpg,details/C07435.jpg,details/C07436.jpg,details/C07437.jpg,details/C07438.jpg,details/C07439.jpg,details/C07440.jpg,details/C07441.jpg,details/C07442.jpg,details/C07443.jpg,details/C07444.jpg,details/C07445.jpg,details/C07446.jpg,details/C07447.jpg,details/C07448.jpg,details/C07449.jpg,details/C07450.jpg"
,,VDL,ROSE PDRN PREP BASE 40ML,,6-Jun,2720,31-Jul,,35.4,https://image.oliveyoung.co.kr/cfimages/cf-goods/uploads/images/thumbnails/10/0000/0023/A00000023229822ko.jpg?l=ko&QT=85&SF=webp&sharpen=1x0.5,"details2/C0751.jpg,details/C0752.jpg,details/C0753.jpg,details/C0754.jpg,details/C0755.jpg,details/C0756.jpg,details/C0757.jpg,details/C0758.jpg,details/C0759.jpg,details/C07510.jpg,details/C07511.jpg,details/C07512.jpg,details/C07513.jpg,details/C07514.jpg,details/C07515.jpg,details/C07516.jpg,details/C07517.jpg,details/C07518.jpg,details/C07519.jpg,details/C07520.jpg,details/C07521.jpg,details/C07522.jpg,details/C07523.jpg,details/C07524.jpg,details/C07525.jpg,details/C07526.jpg,details/C07527.jpg,details/C07528.jpg,details/C07529.jpg,details/C07530.jpg,details/C07531.jpg,details/C07532.jpg,details/C07533.jpg,details/C07534.jpg,details/C07535.jpg,details/C07536.jpg,details/C07537.jpg,details/C07538.jpg,details/C07539.jpg,details/C07540.jpg,details/C07541.jpg,details/C07542.jpg,details/C07543.jpg,details/C07544.jpg,details/C07545.jpg,details/C07546.jpg,details/C07547.jpg,details/C07548.jpg,details/C07549.jpg,details/C07550.jpg"
,,VDL,COVER STAIN HIGH COVER CUSHION (+ refill),,6-Jun,2590,31-Jul,,34.425,https://image.oliveyoung.co.kr/cfimages/cf-goods/uploads/images/thumbnails/10/0000/0022/A00000022651216ko.jpg?l=ko&QT=85&SF=webp&sharpen=1x0.5,"details2/C0761.jpg,details/C0762.jpg,details/C0763.jpg,details/C0764.jpg,details/C0765.jpg,details/C0766.jpg,details/C0767.jpg,details/C0768.jpg,details/C0769.jpg,details/C07610.jpg,details/C07611.jpg,details/C07612.jpg,details/C07613.jpg,details/C07614.jpg,details/C07615.jpg,details/C07616.jpg,details/C07617.jpg,details/C07618.jpg,details/C07619.jpg,details/C07620.jpg,details/C07621.jpg,details/C07622.jpg,details/C07623.jpg,details/C07624.jpg,details/C07625.jpg,details/C07626.jpg,details/C07627.jpg,details/C07628.jpg,details/C07629.jpg,details/C07630.jpg,details/C07631.jpg,details/C07632.jpg,details/C07633.jpg,details/C07634.jpg,details/C07635.jpg,details/C07636.jpg,details/C07637.jpg,details/C07638.jpg,details/C07639.jpg,details/C07640.jpg,details/C07641.jpg,details/C07642.jpg,details/C07643.jpg,details/C07644.jpg,details/C07645.jpg,details/C07646.jpg,details/C07647.jpg,details/C07648.jpg,details/C07649.jpg,details/C07650.jpg"
,,VDL,COVER STAIN PERFECTING FOUNDATION 30ml,,6-Jun,1630,31-Jul,,27.225,https://image.oliveyoung.co.kr/cfimages/cf-goods/uploads/images/thumbnails/10/0000/0017/A00000017863565ko.jpg?l=ko&QT=85&SF=webp&sharpen=1x0.5,"details2/C0771.jpg,details/C0772.jpg,details/C0773.jpg,details/C0774.jpg,details/C0775.jpg,details/C0776.jpg,details/C0777.jpg,details/C0778.jpg,details/C0779.jpg,details/C07710.jpg,details/C07711.jpg,details/C07712.jpg,details/C07713.jpg,details/C07714.jpg,details/C07715.jpg,details/C07716.jpg,details/C07717.jpg,details/C07718.jpg,details/C07719.jpg,details/C07720.jpg,details/C07721.jpg,details/C07722.jpg,details/C07723.jpg,details/C07724.jpg,details/C07725.jpg,details/C07726.jpg,details/C07727.jpg,details/C07728.jpg,details/C07729.jpg,details/C07730.jpg,details/C07731.jpg,details/C07732.jpg,details/C07733.jpg,details/C07734.jpg,details/C07735.jpg,details/C07736.jpg,details/C07737.jpg,details/C07738.jpg,details/C07739.jpg,details/C07740.jpg,details/C07741.jpg,details/C07742.jpg,details/C07743.jpg,details/C07744.jpg,details/C07745.jpg,details/C07746.jpg,details/C07747.jpg,details/C07748.jpg,details/C07749.jpg,details/C07750.jpg"
,,VDL,CHEEK STAIN BLUSHER ,,6-Jun,1150,31-Jul,,23.625,https://image.oliveyoung.co.kr/cfimages/cf-goods/uploads/images/thumbnails/10/0000/0018/A00000018429975ko.jpg?l=ko&QT=85&SF=webp&sharpen=1x0.5,"details2/oy12301.jpg,details2/oy12302.jpg,details2/oy12303.jpg,details2/oy12304.jpg,details2/oy12305.jpg,details2/oy12306.jpg,details2/oy12307.jpg,details2/oy12308.jpg,details2/oy12309.jpg,details2/oy12310.jpg,details2/oy12311.jpg,details2/oy12312.jpg,details2/oy12313.jpg,details2/oy12314.jpg,details2/oy12315.jpg,details2/oy12316.jpg,details2/oy12317.jpg,details2/oy12318.jpg,details2/oy12319.jpg,details2/oy12320.jpg,details2/oy12321.jpg,details2/oy12322.jpg,details2/oy12323.jpg,details2/oy12324.jpg,details2/oy12325.jpg,details2/oy12326.jpg,details2/oy12327.jpg,details2/oy12328.jpg,details2/oy12329.jpg,details2/oy12330.jpg,details2/oy12331.jpg,details2/oy12332.jpg,details2/oy12333.jpg,details2/oy12334.jpg,details2/oy12335.jpg,details2/oy12336.jpg,details2/oy12337.jpg,details2/oy12338.jpg,details2/oy12339.jpg,details2/oy12340.jpg,details2/oy12341.jpg,details2/oy12342.jpg,details2/oy12343.jpg,details2/oy12344.jpg,details2/oy12345.jpg,details2/oy12346.jpg,details2/oy12347.jpg,details2/oy12348.jpg,details2/oy12349.jpg,details2/oy12350.jpg,details2/oy12351.jpg,details2/oy12352.jpg,details2/oy12353.jpg,details2/oy12354.jpg,details2/oy12355.jpg,details2/oy12356.jpg,details2/oy12357.jpg,details2/oy12358.jpg,details2/oy12359.jpg,details2/oy12360.jpg,details2/oy12361.jpg,details2/oy12362.jpg,details2/oy12363.jpg,details2/oy12364.jpg,details2/oy12365.jpg,details2/oy12366.jpg,details2/oy12367.jpg,details2/oy12368.jpg,details2/oy12369.jpg,details2/oy12370.jpg,details2/oy12371.jpg,details2/oy12372.jpg,details2/oy12373.jpg,details2/oy12374.jpg,details2/oy12375.jpg,details2/oy12376.jpg,details2/oy12377.jpg,details2/oy12378.jpg,details2/oy12379.jpg,details2/oy12380.jpg"
,,VDL,CHEEKSTAIN LIQUID BLUSHER,,6-Jun,1530,31-Jul,,26.475,https://image.oliveyoung.co.kr/cfimages/cf-goods/uploads/images/thumbnails/10/0000/0023/A00000023866820ko.jpg?l=ko&QT=85&SF=webp&sharpen=1x0.5,"details2/oy12401.jpg,details2/oy12402.jpg,details2/oy12403.jpg,details2/oy12404.jpg,details2/oy12405.jpg,details2/oy12406.jpg,details2/oy12407.jpg,details2/oy12408.jpg,details2/oy12409.jpg,details2/oy12410.jpg,details2/oy12411.jpg,details2/oy12412.jpg,details2/oy12413.jpg,details2/oy12414.jpg,details2/oy12415.jpg,details2/oy12416.jpg,details2/oy12417.jpg,details2/oy12418.jpg,details2/oy12419.jpg,details2/oy12420.jpg,details2/oy12421.jpg,details2/oy12422.jpg,details2/oy12423.jpg,details2/oy12424.jpg,details2/oy12425.jpg,details2/oy12426.jpg,details2/oy12427.jpg,details2/oy12428.jpg,details2/oy12429.jpg,details2/oy12430.jpg,details2/oy12431.jpg,details2/oy12432.jpg,details2/oy12433.jpg,details2/oy12434.jpg,details2/oy12435.jpg,details2/oy12436.jpg,details2/oy12437.jpg,details2/oy12438.jpg,details2/oy12439.jpg,details2/oy12440.jpg,details2/oy12441.jpg,details2/oy12442.jpg,details2/oy12443.jpg,details2/oy12444.jpg,details2/oy12445.jpg,details2/oy12446.jpg,details2/oy12447.jpg,details2/oy12448.jpg,details2/oy12449.jpg,details2/oy12450.jpg,details2/oy12451.jpg,details2/oy12452.jpg,details2/oy12453.jpg,details2/oy12454.jpg,details2/oy12455.jpg,details2/oy12456.jpg,details2/oy12457.jpg,details2/oy12458.jpg,details2/oy12459.jpg,details2/oy12460.jpg,details2/oy12461.jpg,details2/oy12462.jpg,details2/oy12463.jpg,details2/oy12464.jpg,details2/oy12465.jpg,details2/oy12466.jpg,details2/oy12467.jpg,details2/oy12468.jpg,details2/oy12469.jpg,details2/oy12470.jpg,details2/oy12471.jpg,details2/oy12472.jpg,details2/oy12473.jpg,details2/oy12474.jpg,details2/oy12475.jpg,details2/oy12476.jpg,details2/oy12477.jpg,details2/oy12478.jpg,details2/oy12479.jpg,details2/oy12480.jpg"
,,VDL,LIPSTAIN GLOW TINT,,6-Jun,760,31-Jul,,20.7,https://image.oliveyoung.co.kr/cfimages/cf-goods/uploads/images/thumbnails/10/0000/0022/A00000022322804ko.jpg?l=ko&QT=85&SF=webp&sharpen=1x0.5,"details2/oy12501.jpg,details2/oy12502.jpg,details2/oy12503.jpg,details2/oy12504.jpg,details2/oy12505.jpg,details2/oy12506.jpg,details2/oy12507.jpg,details2/oy12508.jpg,details2/oy12509.jpg,details2/oy12510.jpg,details2/oy12511.jpg,details2/oy12512.jpg,details2/oy12513.jpg,details2/oy12514.jpg,details2/oy12515.jpg,details2/oy12516.jpg,details2/oy12517.jpg,details2/oy12518.jpg,details2/oy12519.jpg,details2/oy12520.jpg,details2/oy12521.jpg,details2/oy12522.jpg,details2/oy12523.jpg,details2/oy12524.jpg,details2/oy12525.jpg,details2/oy12526.jpg,details2/oy12527.jpg,details2/oy12528.jpg,details2/oy12529.jpg,details2/oy12530.jpg,details2/oy12531.jpg,details2/oy12532.jpg,details2/oy12533.jpg,details2/oy12534.jpg,details2/oy12535.jpg,details2/oy12536.jpg,details2/oy12537.jpg,details2/oy12538.jpg,details2/oy12539.jpg,details2/oy12540.jpg,details2/oy12541.jpg,details2/oy12542.jpg,details2/oy12543.jpg,details2/oy12544.jpg,details2/oy12545.jpg,details2/oy12546.jpg,details2/oy12547.jpg,details2/oy12548.jpg,details2/oy12549.jpg,details2/oy12550.jpg,details2/oy12551.jpg,details2/oy12552.jpg,details2/oy12553.jpg,details2/oy12554.jpg,details2/oy12555.jpg,details2/oy12556.jpg,details2/oy12557.jpg,details2/oy12558.jpg,details2/oy12559.jpg,details2/oy12560.jpg,details2/oy12561.jpg,details2/oy12562.jpg,details2/oy12563.jpg,details2/oy12564.jpg,details2/oy12565.jpg,details2/oy12566.jpg,details2/oy12567.jpg,details2/oy12568.jpg,details2/oy12569.jpg,details2/oy12570.jpg,details2/oy12571.jpg,details2/oy12572.jpg,details2/oy12573.jpg,details2/oy12574.jpg,details2/oy12575.jpg,details2/oy12576.jpg,details2/oy12577.jpg,details2/oy12578.jpg,details2/oy12579.jpg,details2/oy12580.jpg"
,,VDL,CHEEKSTAIN BLUSHER BALM,,6-Jun,1100,31-Jul,,23.25,https://image.oliveyoung.co.kr/cfimages/cf-goods/uploads/images/thumbnails/10/0000/0025/A00000025025510ko.png?l=ko&QT=100&SF=webp&sharpen=1x0.5,"details2/oy12601.jpg,details2/oy12602.jpg,details2/oy12603.jpg,details2/oy12604.jpg,details2/oy12605.jpg,details2/oy12606.jpg,details2/oy12607.jpg,details2/oy12608.jpg,details2/oy12609.jpg,details2/oy12610.jpg,details2/oy12611.jpg,details2/oy12612.jpg,details2/oy12613.jpg,details2/oy12614.jpg,details2/oy12615.jpg,details2/oy12616.jpg,details2/oy12617.jpg,details2/oy12618.jpg,details2/oy12619.jpg,details2/oy12620.jpg,details2/oy12621.jpg,details2/oy12622.jpg,details2/oy12623.jpg,details2/oy12624.jpg,details2/oy12625.jpg,details2/oy12626.jpg,details2/oy12627.jpg,details2/oy12628.jpg,details2/oy12629.jpg,details2/oy12630.jpg,details2/oy12631.jpg,details2/oy12632.jpg,details2/oy12633.jpg,details2/oy12634.jpg,details2/oy12635.jpg,details2/oy12636.jpg,details2/oy12637.jpg,details2/oy12638.jpg,details2/oy12639.jpg,details2/oy12640.jpg,details2/oy12641.jpg,details2/oy12642.jpg,details2/oy12643.jpg,details2/oy12644.jpg,details2/oy12645.jpg,details2/oy12646.jpg,details2/oy12647.jpg,details2/oy12648.jpg,details2/oy12649.jpg,details2/oy12650.jpg,details2/oy12651.jpg,details2/oy12652.jpg,details2/oy12653.jpg,details2/oy12654.jpg,details2/oy12655.jpg,details2/oy12656.jpg,details2/oy12657.jpg,details2/oy12658.jpg,details2/oy12659.jpg,details2/oy12660.jpg,details2/oy12661.jpg,details2/oy12662.jpg,details2/oy12663.jpg,details2/oy12664.jpg,details2/oy12665.jpg,details2/oy12666.jpg,details2/oy12667.jpg,details2/oy12668.jpg,details2/oy12669.jpg,details2/oy12670.jpg,details2/oy12671.jpg,details2/oy12672.jpg,details2/oy12673.jpg,details2/oy12674.jpg,details2/oy12675.jpg,details2/oy12676.jpg,details2/oy12677.jpg,details2/oy12678.jpg,details2/oy12679.jpg,details2/oy12680.jpg"
